date,a_close,h_close_hkd,fx_rate,h_close_cny,ah_premium_pct
2018-01-02,5.9,5.9496,0.92,5.473632,0.07789489684363149
2018-01-03,5.92,6.0012,0.92,5.521104,0.07224931825229142
2018-01-04,6.12,6.2285,0.92,5.730220000000001,0.06802182115171829
2018-01-05,6.15,6.2801,0.92,5.777692,0.06443887974644547
2018-01-08,6.1,6.1975,0.92,5.7017,0.06985635862988238
2018-01-09,6.09,6.2078,0.92,5.711176,0.06633029694759895
2018-01-10,6.26,6.3111,0.92,5.806212,0.07815560299899471
2018-01-11,6.27,6.3008,0.92,5.796736,0.08164318678649485
2018-01-12,6.26,6.4557,0.92,5.939244,0.054006200115704894
2018-01-15,6.31,6.3627,0.92,5.853684,0.07795364423498086
2018-01-16,6.23,6.4764,0.92,5.9582880000000005,0.04560236094663428
2018-01-17,6.31,6.3834,0.92,5.872728,0.07445807127454218
2018-01-18,6.25,6.3317,0.92,5.825164,0.07293116554315038
2018-01-19,6.44,6.2698,0.92,5.768216000000001,0.11646304507320804
2018-01-22,6.41,6.3731,0.92,5.863252,0.09324995753209997
2018-01-23,6.58,6.4247,0.92,5.910724,0.11323079879892894
2018-01-24,6.68,6.621,0.92,6.0913200000000005,0.09664243546554752
2018-01-25,6.62,6.6623,0.92,6.129316,0.08005526228375226
2018-01-26,6.66,6.5796,0.92,6.053232,0.1002386824096615
2018-01-29,6.66,6.5487,0.92,6.0248040000000005,0.10543015175265436
2018-01-30,6.52,6.3627,0.92,5.853684,0.1138284881794096
2018-01-31,6.45,6.2904,0.92,5.787168,0.11453477763216835
2018-02-01,6.44,6.2388,0.92,5.739696,0.12201064307238574
2018-02-02,6.66,6.5383,0.92,6.015236,0.10718847938800735
2018-02-05,6.69,6.3937,0.92,5.882204,0.13732879716514423
2018-02-06,6.31,6.0632,0.92,5.578144,0.13120062873959504
2018-02-07,6.13,6.0529,0.92,5.568668000000001,0.10080184345699883
2018-02-08,5.98,5.9392,0.92,5.464064,0.0944234913793105
2018-02-09,5.69,5.7636,0.92,5.302512,0.07307630798383857
2018-02-12,5.71,5.6397,0.92,5.188524,0.10050565440190695
2018-02-13,5.73,5.65,0.92,5.198,0.10234705656021537
2018-02-14,5.74,5.7017,0.92,5.245564,0.09425792917596665
2018-02-22,5.84,5.8773,0.92,5.407116,0.08005820478051517
2018-02-23,5.86,5.9599,0.92,5.4831080000000005,0.06873692803424625
2018-02-26,5.91,6.0322,0.92,5.549624,0.06493701194891766
2018-02-27,5.82,6.0012,0.92,5.521104,0.05413699868721911
2018-02-28,5.73,5.8876,0.92,5.4165920000000005,0.05786073604953068
2018-03-01,5.74,5.8153,0.92,5.350076,0.07288195532175634
2018-03-02,5.7,5.7327,0.92,5.274084,0.08075639295847381
2018-03-05,5.73,5.588,0.92,5.140960000000001,0.11457782204101963
2018-03-06,5.8,5.8153,0.92,5.350076,0.08409674927982347
2018-03-07,5.74,5.6913,0.92,5.235996,0.09625752196907711
2018-03-08,5.75,5.712,0.92,5.25504,0.0941876750700279
2018-03-09,5.75,5.8256,0.92,5.359552,0.07285086514693773
2018-03-12,5.76,5.9806,0.92,5.502152000000001,0.04686311828535428
2018-03-13,5.72,5.8669,0.92,5.3975480000000005,0.059740459927359435
2018-03-14,5.72,5.8463,0.92,5.378596000000001,0.06347455730082707
2018-03-15,5.69,5.8256,0.92,5.359552,0.061655899597578445
2018-03-16,5.66,5.7946,0.92,5.331032,0.061708127056824935
2018-03-19,5.7,5.8566,0.92,5.388072,0.05789232215159701
2018-03-20,5.78,5.8979,0.92,5.426068,0.06522808044425554
2018-03-21,5.75,6.0115,0.92,5.5305800000000005,0.03967395824669384
2018-03-22,5.76,6.0425,0.92,5.559100000000001,0.03613894335413992
2018-03-23,5.6,5.9392,0.92,5.464064,0.02487818590704638
2018-03-26,5.55,6.0632,0.92,5.578144,-0.005045405783715928
2018-03-27,5.58,6.0632,0.92,5.578144,0.00033272715799381736
2018-03-28,5.44,6.0012,0.92,5.521104,-0.014689815660056338
2018-03-29,5.51,5.9702,0.92,5.492584000000001,0.003170820874109248
2018-04-03,5.36,5.7533,0.92,5.293036000000001,0.012651340364962405
2018-04-04,5.34,5.65,0.92,5.198,0.02731819930742585
2018-04-09,5.35,5.8256,0.92,5.359552,-0.0017822385154580012
2018-04-10,5.43,5.9599,0.92,5.4831080000000005,-0.009685747572362402
2018-04-11,5.5,6.2078,0.92,5.711176,-0.03697592229691393
2018-04-12,5.53,6.435,0.92,5.9201999999999995,-0.06590993547515278
2018-04-13,5.45,6.3524,0.92,5.844208,-0.0674527669104179
2018-04-16,5.4,6.3421,0.92,5.834732000000001,-0.07450762091557939
2018-04-17,5.38,6.4454,0.92,5.929768,-0.09271323937125364
2018-04-18,5.47,6.5487,0.92,6.0248040000000005,-0.09208664713408121
2018-04-19,5.55,6.8379,0.92,6.290868000000001,-0.1177688039234015
2018-04-20,5.47,6.6726,0.92,6.1387920000000005,-0.10894521267376389
2018-04-23,5.42,6.6106,0.92,6.081752,-0.10880943517591635
2018-04-24,5.52,6.6623,0.92,6.129316,-0.09941011362442409
2018-04-25,5.47,6.6623,0.92,6.129316,-0.10756763071115938
2018-04-26,5.4,6.6313,0.92,6.100796000000001,-0.11486960062260732
2018-04-27,5.48,6.8172,0.92,6.271824,-0.12625099173701293
2018-05-02,5.45,6.8585,0.92,6.30982,-0.13626696165659247
2018-05-03,5.51,6.7139,0.92,6.176788,-0.10795060474796936
2018-05-04,5.51,6.7449,0.92,6.2053080000000005,-0.11205052190801823
2018-05-07,5.61,6.9515,0.92,6.39538,-0.12280427433553598
2018-05-08,5.61,6.8275,0.92,6.2813,-0.10687278111219012
2018-05-09,5.65,6.9825,0.92,6.423900000000001,-0.12047198742197107
2018-05-10,5.73,7.1787,0.92,6.604404000000001,-0.132397109565072
2018-05-11,5.71,7.1581,0.92,6.585452,-0.13293726839099274
2018-05-14,5.72,7.22,0.92,6.6424,-0.13886547031193552
2018-05-15,5.73,7.251,0.92,6.670920000000001,-0.14104801136874678
2018-05-16,5.65,7.3543,0.92,6.765956000000001,-0.16493692835129292
2018-05-17,5.66,7.22,0.92,6.6424,-0.1478983499939781
2018-05-18,6.08,7.4679,0.92,6.870468000000001,-0.11505300657830009
2018-05-21,6.1,7.4989,0.92,6.898988,-0.11581234812989971
2018-05-23,5.9,7.0445,0.92,6.48094,-0.08963823149111083
2018-05-24,5.9,7.0238,0.92,6.461896,-0.08695528371239647
2018-05-25,5.82,6.7759,0.92,6.233828,-0.06638425057605046
2018-05-28,5.82,6.7139,0.92,6.176788,-0.05776270773741954
2018-05-29,5.76,6.6003,0.92,6.0722760000000005,-0.05142651618602323
2018-05-30,5.59,6.6519,0.92,6.119748,-0.08656369510639994
2018-05-31,5.71,6.8172,0.92,6.271824,-0.08957904430991681
2018-06-01,5.73,7.0754,0.92,6.509368,-0.11973021036758102
2018-06-04,5.7,7.0238,0.92,6.461896,-0.11790595206112886
2018-06-05,5.71,7.0238,0.92,6.461896,-0.11635841864369223
2018-06-06,5.71,7.0548,0.92,6.490416000000001,-0.12024129115914917
2018-06-07,5.68,7.1076,0.92,6.538992,-0.13136458952694863
2018-06-08,5.66,6.9703,0.92,6.412676,-0.11737315279923699
2018-06-11,5.56,7.097,0.92,6.529240000000001,-0.14844606722987685
2018-06-12,5.6,7.2132,0.92,6.636144,-0.15613645514624164
2018-06-13,5.57,7.0653,0.92,6.500076,-0.1430869423680584
2018-06-14,5.54,6.9069,0.92,6.354348000000001,-0.1281560279669921
2018-06-15,5.55,6.833,0.92,6.28636,-0.11713614874108391
2018-06-19,5.3,6.6218,0.92,6.092056,-0.13001456322791527
2018-06-20,5.31,6.7908,0.92,6.247536,-0.15006492159468954
2018-06-21,5.25,6.569,0.92,6.043480000000001,-0.13129521401576583
2018-06-22,5.27,6.5162,0.92,5.994904000000001,-0.12092003474951407
2018-06-25,5.27,6.6746,0.92,6.140632,-0.14178214880813578
2018-06-26,5.29,6.6429,0.92,6.111468,-0.13441418657514037
2018-06-27,5.42,6.8541,0.92,6.305772,-0.14047003285244064
2018-06-28,5.56,7.1181,0.92,6.548652000000001,-0.1509703065608008
2018-06-29,5.56,7.1498,0.92,6.577816,-0.1547346414068136
2018-07-03,5.43,7.0337,0.92,6.471004,-0.16087209960000026
2018-07-04,5.4,6.8013,0.92,6.257196,-0.13699363101299689
2018-07-05,5.36,6.6323,0.92,6.101716,-0.1215585910586463
2018-07-06,5.38,6.6429,0.92,6.111468,-0.11968777387036966
2018-07-09,5.49,6.7168,0.92,6.179456,-0.11157228079623838
2018-07-10,5.6,6.8858,0.92,6.334936,-0.11601316887810709
2018-07-11,5.48,6.8436,0.92,6.296112000000001,-0.1296215823352571
2018-07-12,5.51,6.833,0.92,6.28636,-0.12349913145285984
2018-07-13,5.48,6.8013,0.92,6.257196,-0.12420835147244869
2018-07-16,5.4,6.8647,0.92,6.315524,-0.1449640599893215
2018-07-17,5.27,6.6323,0.92,6.101716,-0.1363085400893782
2018-07-18,5.25,6.5479,0.92,6.024068000000001,-0.1284958934726501
2018-07-19,5.22,6.495,0.92,5.9754000000000005,-0.12641831509187684
2018-07-20,5.31,6.5162,0.92,5.994904000000001,-0.1142477010474231
2018-07-23,5.38,6.5901,0.92,6.062892,-0.11263469644519475
2018-07-24,5.46,6.569,0.92,6.043480000000001,-0.09654702257639647
2018-07-25,5.47,6.8013,0.92,6.257196,-0.1258065114150173
2018-07-26,5.47,6.7802,0.92,6.237784,-0.12308601900931493
2018-07-27,5.47,6.7696,0.92,6.228032,-0.12171292633050057
2018-07-30,5.48,6.8224,0.92,6.276608,-0.12691695896892075
2018-07-31,5.58,6.928,0.92,6.37376,-0.12453559594336783
2018-08-01,5.47,6.8541,0.92,6.305772,-0.13254078961307203
2018-08-02,5.45,6.6323,0.92,6.101716,-0.10680864202791474
2018-08-03,5.49,6.5479,0.92,6.024068000000001,-0.08865570574568549
2018-08-06,5.48,6.6112,0.92,6.082304000000001,-0.09902563239193574
2018-08-07,5.73,6.8013,0.92,6.257196,-0.08425435290823557
2018-08-08,5.82,6.9069,0.92,6.354348000000001,-0.08409171169095564
2018-08-09,5.82,6.8436,0.92,6.296112000000001,-0.0756200016772256
2018-08-10,5.79,6.738,0.92,6.1989600000000005,-0.0659723566533742
2018-08-13,5.77,6.6007,0.92,6.072644,-0.0498372702236457
2018-08-14,5.85,6.6007,0.92,6.072644,-0.036663436881859135
2018-08-15,5.83,6.4739,0.92,5.9559880000000005,-0.021153165520145456
2018-08-16,5.73,6.3261,0.92,5.820012,-0.015465947492891763
2018-08-17,5.77,6.3261,0.92,5.820012,-0.008593109430015011
2018-08-20,5.9,6.5373,0.92,6.014316,-0.019007315212569376
2018-08-21,5.9,6.6007,0.92,6.072644,-0.028429791043242503
2018-08-22,5.77,6.7696,0.92,6.228032,-0.07354361698848055
2018-08-23,5.82,6.7802,0.92,6.237784,-0.06697634929327467
2018-08-24,5.87,7.0442,0.92,6.480664,-0.09422861608008071
2018-08-27,5.96,7.1921,0.92,6.616732,-0.09925322651725954
2018-08-28,5.9,7.3082,0.92,6.723544,-0.12248659337991985
2018-08-29,5.9,7.3188,0.92,6.733296000000001,-0.12375751786346545
2018-08-30,5.88,7.3082,0.92,6.723544,-0.12546121509727615
2018-08-31,5.8,7.3294,0.92,6.743048,-0.1398548549558004
2018-09-03,5.82,7.3082,0.92,6.723544,-0.1343850802493447
2018-09-04,5.95,7.3716,0.92,6.781872,-0.1226611177562773
2018-09-05,5.92,7.0865,0.92,6.51958,-0.09196604689259136
2018-09-06,5.95,7.2593,0.92,6.678556,-0.10908885094322784
2018-09-07,5.92,7.4862,0.92,6.887304,-0.14044740873932682
2018-09-10,5.9,7.3997,0.92,6.807724,-0.13333736796615137
2018-09-11,5.95,7.5402,0.92,6.936984,-0.14227854641152404
2018-09-12,5.97,7.6482,0.92,7.036344000000001,-0.1515480198239314
2018-09-13,6.16,7.9507,0.92,7.314644,-0.15785375200761653
2018-09-14,6.25,7.8967,0.92,7.264964,-0.13970667989545438
2018-09-17,6.26,7.8318,0.92,7.205256,-0.13118978701103756
2018-09-18,6.21,7.8751,0.92,7.2450920000000005,-0.1428680270726722
2018-09-19,6.44,8.0695,0.92,7.42394,-0.13253609269471456
2018-09-20,6.47,7.9291,0.92,7.294772,-0.11306343776063188
2018-09-21,6.42,7.6374,0.92,7.026408000000001,-0.08630412580652891
2018-09-26,6.6,8.0155,0.92,7.37426,-0.1049949418653533
2018-09-27,6.64,8.0695,0.92,7.42394,-0.10559621979703504
2018-09-28,6.68,8.372,0.92,7.702240000000001,-0.13271983215272454
2018-10-08,6.44,7.7778,0.92,7.155576,-0.10000257142122448
2018-10-09,6.72,7.9399,0.92,7.304708,-0.0800453625251003
2018-10-10,6.8,8.0155,0.92,7.37426,-0.07787357646733362
2018-10-11,6.44,7.713,0.92,7.095960000000001,-0.09244133281472844
2018-10-12,6.49,7.8318,0.92,7.205256,-0.09926864500026089
2018-10-15,6.44,7.8751,0.92,7.2450920000000005,-0.11112239844573402
2018-10-16,6.5,8.0587,0.92,7.414004,-0.12328075355772672
2018-10-18,6.1,7.8967,0.92,7.264964,-0.16035371957796352
2018-10-19,6.21,7.605,0.92,6.996600000000001,-0.11242603550295871
2018-10-22,6.34,7.8534,0.92,7.225128,-0.12250689537956971
2018-10-23,6.21,7.6266,0.92,7.016472,-0.1149398159074817
2018-10-24,6.05,7.3349,0.92,6.748108,-0.1034524047332972
2018-10-25,6.03,7.1189,0.92,6.549388,-0.07930328757435046
2018-10-26,6.01,7.2377,0.92,6.658684000000001,-0.09741924980972227
2018-10-29,6.0,7.2377,0.92,6.658684000000001,-0.09892104806295066
2018-10-30,6.02,7.3241,0.92,6.738172,-0.10658261617542564
2018-10-31,6.06,7.2701,0.92,6.688492,-0.09396617354106129
2018-11-01,5.98,7.2593,0.92,6.678556,-0.10459686195638696
2018-11-02,6.06,7.3349,0.92,6.748108,-0.10197050788161666
2018-11-05,6.04,7.3025,0.92,6.7183,-0.10096304124555322
2018-11-06,6.09,7.5078,0.92,6.907176,-0.11830826375352244
2018-11-07,5.97,7.4862,0.92,6.887304,-0.13318767401584142
2018-11-08,6.0,7.6482,0.92,7.036344000000001,-0.14728444203410185
2018-11-09,5.9,7.3133,0.92,6.728236,-0.12309853578263297
2018-11-12,5.92,7.4213,0.92,6.827596,-0.1329305366046849
2018-11-13,5.87,7.1945,0.92,6.61894,-0.11315104835517475
2018-11-14,5.71,6.8596,0.92,6.310832,-0.09520646406052335
2018-11-15,5.74,7.0,0.92,6.44,-0.10869565217391308
2018-11-16,5.73,7.0757,0.92,6.509644000000001,-0.11976753260239736
2018-11-19,5.77,7.2053,0.92,6.628876000000001,-0.12956585701708723
2018-11-20,5.71,7.0433,0.92,6.479836000000001,-0.11880485864148427
2018-11-21,5.62,6.8704,0.92,6.320768,-0.11086754014702016
2018-11-22,5.63,6.9244,0.92,6.3704480000000006,-0.11623169987416904
2018-11-23,5.57,6.838,0.92,6.29096,-0.11460254078868726
2018-11-26,5.54,6.9028,0.92,6.350576,-0.12763818589053977
2018-11-27,5.51,6.7624,0.92,6.221408,-0.11434839187527979
2018-11-28,5.55,6.9136,0.92,6.360512,-0.12742873529678111
2018-11-29,5.51,6.9244,0.92,6.3704480000000006,-0.13506867962818325
2018-11-30,5.55,7.1837,0.92,6.6090040000000005,-0.16023655001570591
2018-12-03,5.63,7.3997,0.92,6.807724,-0.1729982002795648
2018-12-04,5.63,7.4754,0.92,6.877368,-0.1813728740413484
2018-12-05,5.59,7.1945,0.92,6.61894,-0.15545389443022606
2018-12-06,5.54,7.0541,0.92,6.489772,-0.1463490550977754
2018-12-07,5.52,6.9028,0.92,6.350576,-0.13078750651909377
2018-12-10,5.55,6.9244,0.92,6.3704480000000006,-0.12878968637684518
2018-12-11,5.52,6.8812,0.92,6.330704,-0.1280590594663722
2018-12-12,5.57,6.8812,0.92,6.330704,-0.12016104370066893
2018-12-13,5.62,7.0541,0.92,6.489772,-0.13402196564070357
2018-12-14,5.6,6.9136,0.92,6.360512,-0.11956773291206746
2018-12-17,5.63,6.8488,0.92,6.300896,-0.1064762852775224
2018-12-18,5.56,6.5679,0.92,6.042468,-0.07984618205673588
2018-12-19,5.44,6.4167,0.92,5.903364,-0.07849151771769447
2018-12-20,5.42,6.3303,0.92,5.823876,-0.06934831716884082
2018-12-21,5.39,6.3087,0.92,5.804004,-0.07133075718073256
2018-12-24,5.41,6.3195,0.92,5.81394,-0.06947784118859146
2018-12-27,5.26,6.3519,0.92,5.843748,-0.09989274007024262
2018-12-28,5.25,6.4707,0.92,5.953044,-0.11809823680120624
2019-01-02,5.22,6.1142,0.92,5.625064000000001,-0.07201055845764615
2019-01-03,5.25,6.2007,0.92,5.704644000000001,-0.07969717304007062
2019-01-04,5.31,6.5247,0.92,6.002724000000001,-0.11540160767011787
2019-01-07,5.33,6.6868,0.92,6.151856,-0.13359480455979467
2019-01-08,5.34,6.7192,0.92,6.1816640000000005,-0.13615492527578343
2019-01-09,5.34,6.8704,0.92,6.320768,-0.1551659545169195
2019-01-10,5.36,6.9244,0.92,6.3704480000000006,-0.1586149043207009
2019-01-11,5.38,6.9244,0.92,6.3704480000000006,-0.15547540769503188
2019-01-14,5.33,6.6004,0.92,6.072368,-0.12225346026459527
2019-01-15,5.35,6.8704,0.92,6.320768,-0.15358386828942316
2019-01-16,5.35,6.8596,0.92,6.310832,-0.15225124040697025
2019-01-17,5.33,6.838,0.92,6.29096,-0.15275252107786408
2019-01-18,5.36,6.9784,0.92,6.420128,-0.16512567973722636
2019-01-21,5.39,7.0865,0.92,6.51958,-0.17325962715389653
2019-01-22,5.33,6.9892,0.92,6.430064000000001,-0.17108134538007713
2019-01-23,5.29,6.8164,0.92,6.271088,-0.15644621794495628
2019-01-24,5.31,6.9136,0.92,6.360512,-0.16516154674340688
2019-01-25,5.31,7.0541,0.92,6.489772,-0.18178943728685704
2019-01-28,5.3,7.0433,0.92,6.479836000000001,-0.18207806493868062
2019-01-29,5.3,6.8272,0.92,6.281024,-0.15618854505252655
2019-01-30,5.28,6.9136,0.92,6.360512,-0.16987814817423497
2019-01-31,5.33,7.0865,0.92,6.51958,-0.18246267397593097
2019-02-01,5.36,7.1405,0.92,6.569260000000001,-0.18407857201572175
2019-02-11,5.36,6.9676,0.92,6.410192,-0.16383159817989845
2019-02-12,5.4,7.0649,0.92,6.499708,-0.16919344684407356
2019-02-13,5.49,7.2269,0.92,6.648748,-0.17428063148129547
2019-02-14,5.47,7.2701,0.92,6.688492,-0.18217738766825176
2019-02-15,5.43,7.1729,0.92,6.599068000000001,-0.17715653180115754
2019-02-18,5.52,7.3889,0.92,6.797788,-0.1879711459080513
2019-02-19,5.53,7.4321,0.92,6.837532,-0.19122864799755235
2019-02-20,5.52,7.5186,0.92,6.917112,-0.20197909185220664
2019-02-21,5.48,7.5294,0.92,6.927048,-0.20889822042520845
2019-02-22,5.52,7.5834,0.92,6.9767280000000005,-0.2087981644117416
2019-02-25,5.72,7.5078,0.92,6.907176,-0.17187574198196198
2019-02-26,5.68,7.3997,0.92,6.807724,-0.1656536017030068
2019-02-27,5.71,7.3889,0.92,6.797788,-0.16002087737952397
2019-02-28,5.71,7.3133,0.92,6.728236,-0.15133773547776863
2019-03-01,5.74,7.3673,0.92,6.777916,-0.15313202465182518
2019-03-04,5.77,7.4321,0.92,6.837532,-0.1561282638238477
2019-03-05,5.74,7.3241,0.92,6.738172,-0.14813691309749877
2019-03-06,5.82,7.2161,0.92,6.638812000000001,-0.12333712718480361
2019-03-07,5.79,7.1945,0.92,6.61894,-0.12523757580518935
2019-03-08,5.58,7.1729,0.92,6.599068000000001,-0.1544260492542281
2019-03-11,5.62,7.1513,0.92,6.5791960000000005,-0.1457922822180705
2019-03-12,5.65,7.2161,0.92,6.638812000000001,-0.1489441183151443
2019-03-13,5.6,7.1621,0.92,6.589132,-0.1501156753271904
2019-03-14,5.59,7.4321,0.92,6.837532,-0.18245355195412616
2019-03-15,5.61,7.6482,0.92,7.036344000000001,-0.20271095330188516
2019-03-18,5.69,7.5726,0.92,6.966792000000001,-0.18326828187205824
2019-03-19,5.68,7.497,0.92,6.89724,-0.17648218707772967
2019-03-20,5.66,7.4646,0.92,6.867432,-0.1758200154002253
2019-03-21,5.7,7.5726,0.92,6.966792000000001,-0.18183290099661376
2019-03-22,5.66,7.6158,0.92,7.0065360000000005,-0.19218284184938184
2019-03-25,5.54,7.3025,0.92,6.7183,-0.175386630546418
2019-03-26,5.5,7.4646,0.92,6.867432,-0.19911838952318717
2019-03-27,5.5,7.7562,0.92,7.1357040000000005,-0.22922811820669697
2019-03-28,5.46,7.7346,0.92,7.115832000000001,-0.23269689334992738
2019-03-29,5.54,7.9399,0.92,7.304708,-0.2415850161293237
2019-04-01,5.6,8.0695,0.92,7.42394,-0.2456835588649693
2019-04-02,5.58,7.9399,0.92,7.304708,-0.23610909566816352
2019-04-03,5.63,7.9075,0.92,7.2749,-0.2261062007725192
2019-04-04,5.63,7.7778,0.92,7.155576,-0.21320100576110157
2019-04-08,5.66,8.0479,0.92,7.4040680000000005,-0.2355553730732889
2019-04-09,5.63,8.1235,0.92,7.47362,-0.2466836686906747
2019-04-10,5.6,8.0587,0.92,7.414004,-0.2446726492189646
2019-04-11,5.55,7.8751,0.92,7.2450920000000005,-0.23396417878475528
2019-04-12,5.57,7.9507,0.92,7.314644,-0.23851386342247138
2019-04-15,5.55,7.9615,0.92,7.32458,-0.24227737290056228
2019-04-16,5.63,8.0479,0.92,7.4040680000000005,-0.2396071997177769
2019-04-17,5.6,8.0155,0.92,7.37426,-0.24060176885545126
2019-04-18,5.59,7.9615,0.92,7.32458,-0.2368163089214672
2019-04-23,5.61,8.0803,0.92,7.433876,-0.2453465729049018
2019-04-24,5.58,7.9507,0.92,7.314644,-0.23714674289001625
2019-04-25,5.47,7.9183,0.92,7.284836,-0.24912516904979065
2019-04-26,5.41,7.7886,0.92,7.165512,-0.24499463541474775
2019-04-29,5.39,7.9291,0.92,7.294772,-0.2611146722611756
2019-04-30,5.4,7.659,0.92,7.04628,-0.23363817503704076
2019-05-06,5.35,7.2809,0.92,6.698428,-0.20130514204228223
2019-05-07,5.31,7.5078,0.92,6.907176,-0.23123429893780034
2019-05-08,5.28,7.3781,0.92,6.787852,-0.22213978737308937
2019-05-09,5.25,7.2053,0.92,6.628876000000001,-0.20801052848175172
2019-05-10,5.31,7.2269,0.92,6.648748,-0.2013533976622367
2019-05-14,5.26,7.1189,0.92,6.549388,-0.19687152448442524
2019-05-15,5.3,7.2161,0.92,6.638812000000001,-0.20166439417172843
2019-05-16,5.31,7.3349,0.92,6.748108,-0.2131127717576542
2019-05-17,5.25,7.2269,0.92,6.648748,-0.21037765305588363
2019-05-20,5.27,7.3781,0.92,6.787852,-0.2236130074727617
2019-05-21,5.27,7.2269,0.92,6.648748,-0.20736956792466799
2019-05-22,5.24,7.2053,0.92,6.628876000000001,-0.2095190798560722
2019-05-23,5.25,7.0865,0.92,6.51958,-0.19473340307197706
2019-05-24,5.22,7.0865,0.92,6.51958,-0.19933492648299433
2019-05-27,5.23,7.0325,0.92,6.4699,-0.19164129275568398
2019-05-28,5.23,6.9892,0.92,6.430064000000001,-0.1866332901196629
2019-05-29,5.21,6.9784,0.92,6.420128,-0.1884896998938339
2019-05-30,5.24,7.0541,0.92,6.489772,-0.19257564056179477
2019-05-31,5.21,6.9028,0.92,6.350576,-0.17960197626168084
2019-06-03,5.2,6.8704,0.92,6.320768,-0.17731516170186912
2019-06-04,5.17,6.892,0.92,6.3406400000000005,-0.18462489590956122
2019-06-05,5.17,6.9032,0.92,6.350944,-0.18594778980888516
2019-06-06,5.12,6.7805,0.92,6.23806,-0.17923200482201196
2019-06-10,5.14,7.1151,0.92,6.545892,-0.21477470144634225
2019-06-11,5.18,7.0705,0.92,6.50486,-0.20367233114932526
2019-06-12,5.15,6.9366,0.92,6.381672000000001,-0.19300145792513312
2019-06-13,5.15,6.8697,0.92,6.320124,-0.18514256998755085
2019-06-14,5.1,6.8809,0.92,6.3304279999999995,-0.19436726869020549
2019-06-17,5.11,6.9812,0.92,6.422704,-0.20438494440970656
2019-06-18,5.05,6.9812,0.92,6.422704,-0.21372680416223455
2019-06-19,5.06,7.26,0.92,6.6792,-0.24242424242424243
2019-06-20,5.09,7.327,0.92,6.74084,-0.24490122892695876
2019-06-21,5.12,7.5165,0.92,6.91518,-0.25959989472436007
2019-06-24,5.11,7.5054,0.92,6.904968,-0.25995312360607603
2019-06-25,5.07,7.3939,0.92,6.8023880000000005,-0.25467350583353965
2019-06-26,5.09,7.405,0.92,6.812600000000001,-0.2528550039632447
2019-06-27,5.09,7.5054,0.92,6.904968,-0.26284958887571963
2019-06-28,5.08,7.4496,0.92,6.853632,-0.25878716569550275
2019-07-02,5.1,7.5946,0.92,6.987032,-0.2700763357030568
2019-07-03,5.08,7.4942,0.92,6.894664000000001,-0.2631983226448744
2019-07-04,5.09,7.4385,0.92,6.843420000000001,-0.256219843294727
2019-07-05,5.06,7.4385,0.92,6.843420000000001,-0.2606036163204949
2019-07-08,4.98,7.2823,0.92,6.6997160000000004,-0.25668491022604534
2019-07-09,4.95,7.2266,0.92,6.648472000000001,-0.2554680233292703
2019-07-10,4.92,7.327,0.92,6.74084,-0.27012063778401507
2019-07-11,4.92,7.5054,0.92,6.904968,-0.28746954366768973
2019-07-12,4.92,7.5054,0.92,6.904968,-0.28746954366768973
2019-07-15,4.9,7.5388,0.92,6.935696,-0.29350998082960955
2019-07-16,4.89,7.4831,0.92,6.8844520000000005,-0.2897038137530773
2019-07-17,4.87,7.3493,0.92,6.761356000000001,-0.2797302789558782
2019-07-18,4.82,7.182,0.92,6.60744,-0.2705192934025886
2019-07-19,4.84,7.3158,0.92,6.730536000000001,-0.28088936750356885
2019-07-22,4.76,7.3158,0.92,6.730536000000001,-0.2927754936605347
2019-07-23,4.76,7.3939,0.92,6.8023880000000005,-0.3002457372322779
2019-07-24,4.78,7.327,0.92,6.74084,-0.29088956272512034
2019-07-25,4.78,7.3939,0.92,6.8023880000000005,-0.297305593271069
2019-07-26,4.83,7.3381,0.92,6.7510520000000005,-0.2845559477248879
2019-07-29,4.83,7.2712,0.92,6.689504,-0.2779733744086258
2019-07-30,4.83,7.3158,0.92,6.730536000000001,-0.28237513327318964
2019-07-31,4.81,7.2154,0.92,6.638168,-0.27540249056667454
2019-08-01,4.77,7.1485,0.92,6.57662,-0.2747034190815344
2019-08-02,4.67,6.892,0.92,6.3406400000000005,-0.2634812889550582
2019-08-05,4.61,6.6801,0.92,6.145692,-0.24988105489178436
2019-08-06,4.55,6.7247,0.92,6.186724000000001,-0.26455422934658157
2019-08-07,4.58,6.6578,0.92,6.125176000000001,-0.2522663838557456
2019-08-08,4.56,6.6355,0.92,6.104660000000001,-0.25302965275707423
2019-08-09,4.56,6.5686,0.92,6.043112,-0.24542189520895863
2019-08-12,4.57,6.524,0.92,6.00208,-0.2385972862740916
2019-08-13,4.53,6.3902,0.92,5.878984,-0.2294586955841349
2019-08-14,4.53,6.4013,0.92,5.889196,-0.2307948317563212
2019-08-15,4.5,6.3233,0.92,5.817436,-0.22646334226968712
2019-08-16,4.5,6.3456,0.92,5.8379520000000005,-0.22918174044596462
2019-08-19,4.56,6.3902,0.92,5.878984,-0.22435577303833454
2019-08-20,4.57,6.4794,0.92,5.961048,-0.23335628231814265
2019-08-21,4.56,6.4682,0.92,5.950744,-0.23370926391725144
2019-08-22,4.54,6.4125,0.92,5.8995,-0.23044325790321207
2019-08-23,4.52,6.3902,0.92,5.878984,-0.2311596697660685
2019-08-26,4.48,6.1002,0.92,5.612184,-0.20173679266396105
2019-08-27,4.5,6.1002,0.92,5.612184,-0.19817311763121093
2019-08-28,4.5,6.156,0.92,5.66352,-0.20544113907958306
2019-08-29,4.5,6.1894,0.92,5.694248,-0.20972883513327834
2019-08-30,4.52,6.524,0.92,6.00208,-0.24692773171967064
2019-09-02,4.55,6.4459,0.92,5.9302280000000005,-0.2327445083055829
2019-09-03,4.54,6.379,0.92,5.8686799999999995,-0.2264018484565523
2019-09-04,4.57,6.5463,0.92,6.022596,-0.24119100799721582
2019-09-05,4.6,6.6021,0.92,6.073932,-0.24266521258387486
2019-09-06,4.62,6.6913,0.92,6.155996,-0.24951218291889732
2019-09-09,4.67,6.7024,0.92,6.166208,-0.24264637196799077
2019-09-10,4.69,6.7805,0.92,6.23806,-0.24816369191703824
2019-09-11,4.67,6.8474,0.92,6.299608000000001,-0.2586840324032862
2019-09-12,4.64,6.8188,0.92,6.273296000000001,-0.2603569160454091
2019-09-16,4.8,7.323,0.92,6.73716,-0.2875336195073296
2019-09-17,4.74,7.3688,0.92,6.779296,-0.30081235573723286
2019-09-18,4.67,7.2657,0.92,6.684444,-0.30136298546296447
2019-09-19,4.69,7.2084,0.92,6.631728000000001,-0.29279367308188753
2019-09-20,4.71,7.2084,0.92,6.631728000000001,-0.2897778678498275
2019-09-23,4.7,7.1167,0.92,6.547364,-0.2821538561167517
2019-09-24,4.68,7.1626,0.92,6.589592000000001,-0.28978910985687745
2019-09-25,4.6,7.0365,0.92,6.47358,-0.28941945569530314
2019-09-26,4.56,6.9907,0.92,6.431444000000001,-0.290983486756629
2019-09-27,4.57,6.8531,0.92,6.304852,-0.2751614153670855
2019-09-30,4.63,6.8531,0.92,6.304852,-0.2656449350436775
2019-10-08,4.57,6.6125,0.92,6.0835,-0.24878770444645348
2019-10-09,4.56,6.5666,0.92,6.041272,-0.24519207213315353
2019-10-10,4.55,6.5896,0.92,6.062432,-0.2494761178352186
2019-10-11,4.61,6.899,0.92,6.34708,-0.27368175602009104
2019-10-14,4.6,6.8531,0.92,6.304852,-0.2704031752053816
2019-10-15,4.57,6.7729,0.92,6.2310680000000005,-0.26657837789605254
2019-10-16,4.55,6.7958,0.92,6.252136,-0.2722487162787246
2019-10-17,4.57,6.8417,0.92,6.294364000000001,-0.2739536512346601
2019-10-18,4.53,6.8073,0.92,6.262716,-0.27667165491777046
2019-10-21,4.53,6.8761,0.92,6.326012,-0.28390904095660896
2019-10-22,4.54,6.8417,0.92,6.294364000000001,-0.2787198198261175
2019-10-23,4.52,6.8188,0.92,6.273296000000001,-0.2794856164925107
2019-10-24,4.53,6.9104,0.92,6.3575680000000006,-0.28746338222414614
2019-10-25,4.53,6.9219,0.92,6.368148000000001,-0.2886471859636428
2019-10-28,4.54,6.9792,0.92,6.420864,-0.2929300480433785
2019-10-29,4.51,6.9219,0.92,6.368148000000001,-0.2917878164891897
2019-10-30,4.47,6.8073,0.92,6.262716,-0.2862521627996544
2019-10-31,4.4,6.7385,0.92,6.199420000000001,-0.29025618525604013
2019-11-01,4.4,6.8531,0.92,6.304852,-0.3021247762834084
2019-11-04,4.4,7.025,0.92,6.463000000000001,-0.319201609159833
2019-11-05,4.41,7.174,0.92,6.600080000000001,-0.33182628089356503
2019-11-06,4.37,7.1511,0.92,6.579012,-0.33576652542965413
2019-11-07,4.35,7.1855,0.92,6.61066,-0.3419719059821562
2019-11-08,4.33,7.2772,0.92,6.695024,-0.35325101149749427
2019-11-11,4.24,7.0594,0.92,6.494648000000001,-0.34715476496955655
2019-11-12,4.21,7.1167,0.92,6.547364,-0.3569931349471329
2019-11-13,4.16,6.9448,0.92,6.389216,-0.34890290138884017
2019-11-14,4.19,6.8646,0.92,6.315432,-0.3365457818245846
2019-11-15,4.11,6.8417,0.92,6.294364000000001,-0.3470349029703398
2019-11-18,4.13,6.9104,0.92,6.3575680000000006,-0.3503805228666057
2019-11-19,4.14,6.8875,0.92,6.3365,-0.34664246823956446
2019-11-20,4.13,6.7844,0.92,6.241648,-0.33831577814064484
2019-11-21,4.19,6.6927,0.92,6.157284000000001,-0.3195051584432357
2019-11-22,4.19,6.7958,0.92,6.252136,-0.3298290376281001
2019-11-25,4.27,6.8302,0.92,6.283784,-0.32047314166113927
2019-11-26,4.23,6.8073,0.92,6.262716,-0.3245741943271896
2019-11-27,4.23,6.8302,0.92,6.283784,-0.32683873283995746
2019-11-28,4.2,6.7271,0.92,6.188932,-0.32136917969045387
2019-11-29,4.18,6.5093,0.92,5.988556,-0.30200201851665076
2019-12-02,4.16,6.5093,0.92,5.988556,-0.30534172177733665
2019-12-03,4.17,6.4979,0.92,5.9780679999999995,-0.30245022304865044
2019-12-04,4.17,6.3947,0.92,5.8831240000000005,-0.2911929104333004
2019-12-05,4.21,6.475,0.92,5.957,-0.29326842370320627
2019-12-06,4.22,6.475,0.92,5.957,-0.29158972637233505
2019-12-09,4.22,6.4864,0.92,5.967488,-0.29283477402887115
2019-12-10,4.22,6.4635,0.92,5.94642,-0.29032930738158425
2019-12-11,4.22,6.5093,0.92,5.988556,-0.295322611995279
2019-12-12,4.21,6.5666,0.92,6.041272,-0.30312689115802105
2019-12-13,4.25,6.75,0.92,6.21,-0.3156199677938808
2019-12-16,4.31,6.7271,0.92,6.188932,-0.3035955153490134
2019-12-17,4.37,6.9104,0.92,6.3575680000000006,-0.3126302384811299
2019-12-18,4.35,7.1511,0.92,6.579012,-0.33880649556498754
2019-12-19,4.35,7.1511,0.92,6.579012,-0.33880649556498754
2019-12-20,4.34,7.1626,0.92,6.589592000000001,-0.34138562751684787
2019-12-23,4.27,7.2542,0.92,6.673864,-0.3601907380791698
2019-12-24,4.28,7.2313,0.92,6.652796,-0.35666146985417857
2019-12-27,4.32,7.3574,0.92,6.768808000000001,-0.36177832197338144
2019-12-30,4.35,7.4032,0.92,6.810944,-0.3613220135123707
2019-12-31,4.36,7.4261,0.92,6.832012000000001,-0.36182781880359693
2020-01-02,4.39,7.4376,0.92,6.842592,-0.35843025566919673
2020-01-03,4.45,7.5866,0.92,6.979672,-0.36243422327009056
2020-01-06,4.66,7.8616,0.92,7.232672000000001,-0.3557014613686339
2020-01-07,4.57,7.8158,0.92,7.190536000000001,-0.3644423725852982
2020-01-08,4.66,7.8158,0.92,7.190536000000001,-0.35192592040426474
2020-01-09,4.53,7.8387,0.92,7.211604,-0.3718457086661996
2020-01-10,4.48,7.7585,0.92,7.1378200000000005,-0.3723573864289097
2020-01-13,4.46,7.8731,0.92,7.243252,-0.38425447575205174
2020-01-14,4.45,7.7585,0.92,7.1378200000000005,-0.3765603503590732
2020-01-15,4.39,7.5751,0.92,6.969092,-0.3700757573583474
2020-01-16,4.36,7.7012,0.92,7.085104,-0.3846244176514557
2020-01-17,4.37,7.747,0.92,7.1272400000000005,-0.3868594294565638
2020-01-20,4.37,7.6324,0.92,7.021808,-0.3776531628321367
2020-01-21,4.33,7.4491,0.92,6.853172,-0.36817578779578275
2020-01-22,4.29,7.6439,0.92,7.032388000000001,-0.38996540008884617
2020-01-23,4.22,7.4491,0.92,6.853172,-0.3842267493067444
2020-02-03,3.83,6.6927,0.92,6.157284000000001,-0.37797249566529667
2020-02-04,3.86,6.7615,0.92,6.22058,-0.3794790839439409
2020-02-05,3.89,6.8761,0.92,6.326012,-0.3850786245742184
2020-02-06,3.94,7.2199,0.92,6.642308,-0.4068326852654228
2020-02-07,3.95,7.025,0.92,6.463000000000001,-0.388828717313941
2020-02-10,3.95,6.9792,0.92,6.420864,-0.38481799334170597
2020-02-11,3.96,7.0594,0.92,6.494648000000001,-0.39026718615081224
2020-02-12,3.97,7.1282,0.92,6.557944,-0.3946273405201386
2020-02-13,3.95,7.0709,0.92,6.505228000000001,-0.3927960710985072
2020-02-14,3.95,7.0709,0.92,6.505228000000001,-0.3927960710985072
2020-02-17,4.02,7.025,0.92,6.463000000000001,-0.377997833823302
2020-02-18,4.0,6.8761,0.92,6.326012,-0.3676901023899417
2020-02-19,3.98,6.9219,0.92,6.368148000000001,-0.37501452541618074
2020-02-20,4.02,7.0021,0.92,6.441932,-0.37596360843299814
2020-02-21,4.01,6.9792,0.92,6.420864,-0.3754734565317066
2020-02-24,3.95,6.7271,0.92,6.188932,-0.3617638713755459
2020-02-25,3.88,6.6239,0.92,6.093988,-0.36330691822826044
2020-02-26,3.9,6.5093,0.92,5.988556,-0.3487578641662531
2020-02-27,3.86,6.4062,0.92,5.8937040000000005,-0.3450638172531231
2020-02-28,3.79,6.1197,0.92,5.630124,-0.3268354302676105
2020-03-02,3.86,6.3833,0.92,5.872636000000001,-0.34271424280340224
2020-03-03,3.88,6.3374,0.92,5.830408,-0.3345234158570035
2020-03-04,3.87,6.2458,0.92,5.746136,-0.32650393238169095
2020-03-05,3.92,6.3374,0.92,5.830408,-0.32766283251532313
2020-03-06,3.89,6.0853,0.92,5.598476000000001,-0.30516804930484664
2020-03-09,3.85,5.0367,0.92,4.633764,-0.16914197615588533
2020-03-10,3.85,5.1857,0.92,4.770844,-0.19301490470030047
2020-03-11,3.83,4.882,0.92,4.49144,-0.14726680084783494
2020-03-12,3.79,4.4752,0.92,4.117184,-0.07946790816247218
2020-03-13,3.77,4.5439,0.92,4.180388,-0.09816983495311915
2020-03-16,3.76,4.309,0.92,3.9642800000000005,-0.051530164367804665
2020-03-17,3.74,4.2402,0.92,3.900984,-0.04126753660102156
2020-03-18,3.7,3.9365,0.92,3.6215800000000002,0.021653532436119116
2020-03-19,3.65,3.6672,0.92,3.373824,0.08185844904772743
2020-03-20,3.67,4.0855,0.92,3.75866,-0.0235881936647635
2020-03-23,3.6,3.8792,0.92,3.568864,0.008724344777497839
2020-03-24,3.62,4.0798,0.92,3.7534159999999996,-0.035545220673647515
2020-03-25,3.63,4.3835,0.92,4.03282,-0.09988543996508648
2020-03-26,3.58,4.3434,0.92,3.995928,-0.10408796154485267
2020-03-27,3.54,4.4522,0.92,4.096024000000001,-0.13574725148094846
2020-03-30,3.45,4.3376,0.92,3.9905920000000004,-0.1354666174843232
2020-03-31,3.45,4.6585,0.92,4.28582,-0.195019856176881
2020-04-01,3.4,4.6012,0.92,4.233104000000001,-0.19680688213660724
2020-04-02,3.52,4.945,0.92,4.5494,-0.22627159625445115
2020-04-03,3.46,4.9049,0.92,4.5125079999999995,-0.23324235657864756
2020-04-07,3.49,5.1227,0.92,4.712884,-0.25947678746177494
2020-04-08,3.47,4.968,0.92,4.57056,-0.24079325071763635
2020-04-09,3.48,5.1112,0.92,4.702304000000001,-0.2599372562896828
2020-04-14,3.43,4.9737,0.92,4.575804000000001,-0.25040495615633895
2020-04-15,3.4,4.7158,0.92,4.338536,-0.21632550703739706
2020-04-16,3.39,4.7903,0.92,4.407076,-0.2307824961493743
2020-04-17,3.4,4.8075,0.92,4.4229,-0.23127359877003784
2020-04-20,3.4,4.882,0.92,4.49144,-0.24300447072653764
2020-04-21,3.37,4.7388,0.92,4.3596960000000005,-0.22701032365559437
2020-04-22,3.33,4.7216,0.92,4.343872,-0.2334028258659555
2020-04-23,3.4,4.8362,0.92,4.449304,-0.23583553742338126
2020-04-24,3.35,4.8763,0.92,4.486196,-0.25326490416379477
2020-04-27,3.33,4.8877,0.92,4.496684,-0.25945430010203074
2020-04-28,3.26,4.9565,0.92,4.55998,-0.28508458370431455
2020-04-29,3.27,5.0367,0.92,4.633764,-0.29431019792980395
2020-05-06,3.34,4.9393,0.92,4.544156,-0.2649900223495849
2020-05-07,3.33,4.9107,0.92,4.517844,-0.2629227569610637
2020-05-08,3.34,5.0023,0.92,4.6021160000000005,-0.2742468899089029
2020-05-11,3.34,5.0138,0.92,4.612696,-0.27591152766191396
2020-05-12,3.31,4.882,0.92,4.49144,-0.2630425876778939
2020-05-13,3.31,4.8877,0.92,4.496684,-0.2639020220233399
2020-05-14,3.29,4.7846,0.92,4.401832000000001,-0.2525839241479457
2020-05-15,3.3,4.8247,0.92,4.438724000000001,-0.25654309661965935
2020-05-18,3.32,5.2029,0.92,4.786668,-0.30640687843819536
2020-05-19,3.33,5.3404,0.92,4.913168,-0.32222956756211063
2020-05-20,3.31,5.2545,0.92,4.8341400000000005,-0.31528669008344823
2020-05-21,3.33,5.1972,0.92,4.7814239999999995,-0.3035547569092386
2020-05-22,3.27,4.9393,0.92,4.544156,-0.28039442307878515
2020-05-25,3.24,4.9966,0.92,4.596872,-0.2951728914792494
2020-05-26,3.25,5.0654,0.92,4.6601680000000005,-0.3026002496047353
2020-05-27,3.22,5.0997,0.92,4.691724000000001,-0.3136851187324745
2020-05-28,3.21,5.0424,0.92,4.639008,-0.3080417192641185
2020-05-29,3.18,4.945,0.92,4.5494,-0.30100672616169166
2020-06-01,3.21,5.1742,0.92,4.760264,-0.3256676520461891
2020-06-02,3.22,5.2315,0.92,4.81298,-0.33097581955462096
2020-06-03,3.24,5.4722,0.92,5.0344240000000005,-0.3564308449189023
2020-06-04,3.23,5.5023,0.92,5.0621160000000005,-0.3619269096164529
2020-06-05,3.21,5.6105,0.92,5.16166,-0.3781070430830392
2020-06-08,3.24,5.7308,0.92,5.272336,-0.3854716391368076
2020-06-09,3.25,5.7428,0.92,5.2833760000000005,-0.3848630118318288
2020-06-10,3.23,5.7127,0.92,5.2556840000000005,-0.38542728215775535
2020-06-11,3.2,5.5684,0.92,5.122928,-0.37535721759119
2020-06-12,3.18,5.3098,0.92,4.885016,-0.3490297677632991
2020-06-15,3.16,5.1775,0.92,4.7633,-0.33659437784729074
2020-06-16,3.19,5.394,0.92,4.96248,-0.3571762505843853
2020-06-17,3.18,5.4061,0.92,4.973612,-0.36062563786640367
2020-06-18,3.21,5.3339,0.92,4.907188,-0.3458575461139862
2020-06-19,3.21,5.37,0.92,4.9404,-0.35025504007772656
2020-06-22,3.19,5.3519,0.92,4.923748,-0.3521195642019047
2020-06-23,3.18,5.4,0.92,4.968000000000001,-0.3599033816425121
2020-06-24,3.18,5.2918,0.92,4.868456,-0.3468154996163054
2020-06-29,3.17,5.1655,0.92,4.75226,-0.3329489548130784
2020-06-30,3.18,5.1836,0.92,4.768912,-0.3331812371459151
2020-07-02,3.28,5.4061,0.92,4.973612,-0.3405195258496241
2020-07-03,3.36,5.4121,0.92,4.979132,-0.32518358621542875
2020-07-06,3.58,5.5263,0.92,5.084196,-0.2958572014139502
2020-07-07,3.57,5.3519,0.92,4.923748,-0.27494258438896546
2020-07-08,3.55,5.3279,0.92,4.901668,-0.27575674239871006
2020-07-09,3.6,5.2918,0.92,4.868456,-0.2605458486222326
2020-07-10,3.49,5.2136,0.92,4.796512,-0.2723879352329359
2020-07-13,3.52,5.3399,0.92,4.912708,-0.28349089748464595
2020-07-14,3.46,5.2437,0.92,4.824204,-0.28278323221820634
2020-07-15,3.41,5.2978,0.92,4.873976,-0.3003658614650544
2020-07-16,3.35,5.2076,0.92,4.790992,-0.30077111379021293
2020-07-17,3.33,5.1775,0.92,4.7633,-0.30090483488337916
2020-07-20,3.41,5.1415,0.92,4.73018,-0.2790972013750005
2020-07-21,3.39,5.1715,0.92,4.75778,-0.28748281761661953
2020-07-22,3.5,5.2617,0.92,4.840764,-0.27697363474030134
2020-07-23,3.45,5.2016,0.92,4.785472,-0.279067979083359
2020-07-24,3.42,5.1234,0.92,4.713528,-0.27442883547101027
2020-07-27,3.39,5.1655,0.92,4.75226,-0.2866551914247115
2020-07-28,3.39,5.1775,0.92,4.7633,-0.2883085256019986
2020-07-29,3.42,5.1234,0.92,4.713528,-0.27442883547101027
2020-07-30,3.39,5.0753,0.92,4.669276000000001,-0.2739773789341218
2020-07-31,3.38,4.931,0.92,4.53652,-0.25493550122120046
2020-08-03,3.4,4.9009,0.92,4.508828,-0.24592377442652513
2020-08-04,3.44,5.0452,0.92,4.641584000000001,-0.25887369484210576
2020-08-05,3.42,5.1234,0.92,4.713528,-0.27442883547101027
2020-08-06,3.44,5.1956,0.92,4.779952,-0.2803275011966647
2020-08-07,3.38,5.1054,0.92,4.696968000000001,-0.2803868367849218
2020-08-10,3.39,5.1174,0.92,4.708008,-0.27995024647366784
2020-08-11,3.38,5.2738,0.92,4.851896,-0.3033651174716029
2020-08-12,3.39,5.3459,0.92,4.918228000000001,-0.3107273595286759
2020-08-13,3.39,5.4061,0.92,4.973612,-0.31840280263116627
2020-08-14,3.4,5.4,0.92,4.968000000000001,-0.315619967793881
2020-08-17,3.45,5.394,0.92,4.96248,-0.3047830923248054
2020-08-18,3.44,5.4361,0.92,5.001212,-0.3121667307844578
2020-08-19,3.43,5.4061,0.92,4.973612,-0.31036035782445437
2020-08-20,3.39,5.4121,0.92,4.979132,-0.31915843966378077
2020-08-21,3.39,5.4181,0.92,4.9846520000000005,-0.3199124031125945
2020-08-24,3.39,5.4061,0.92,4.973612,-0.31840280263116627
2020-08-25,3.38,5.4902,0.92,5.050984,-0.3308234593497029
2020-08-26,3.36,5.5023,0.92,5.0621160000000005,-0.3362459493223783
2020-08-27,3.36,5.3098,0.92,4.885016,-0.3121823961272594
2020-08-28,3.38,5.2617,0.92,4.840764,-0.30176311012063384
2020-08-31,3.36,5.3038,0.92,4.8794960000000005,-0.3114042925744791
2020-09-01,3.35,5.2437,0.92,4.824204,-0.3055849213673385
2020-09-02,3.3,5.1896,0.92,4.774432000000001,-0.3088183055073359
2020-09-03,3.27,5.1834,0.92,4.768728,-0.31428255081858314
2020-09-04,3.27,5.1465,0.92,4.73478,-0.30936601066997826
2020-09-07,3.25,5.0849,0.92,4.678108000000001,-0.3052746965226114
2020-09-08,3.27,5.1095,0.92,4.70074,-0.30436484468402847
2020-09-09,3.25,5.0172,0.92,4.615824,-0.29590036361871686
2020-09-10,3.22,4.9803,0.92,4.581876,-0.2972310904965564
2020-09-11,3.22,4.9926,0.92,4.593192,-0.29896246444738206
2020-09-14,3.23,4.9803,0.92,4.581876,-0.29504857835524145
2020-09-15,3.22,4.9803,0.92,4.581876,-0.2972310904965564
2020-09-16,3.23,5.0357,0.92,4.632844,-0.30280406592581155
2020-09-17,3.21,5.1465,0.92,4.73478,-0.3220381939604374
2020-09-18,3.24,5.1034,0.92,4.6951279999999995,-0.3099229669563853
2020-09-21,3.23,4.9864,0.92,4.587488,-0.2959109647807252
2020-09-22,3.21,4.8695,0.92,4.479940000000001,-0.28347254650731946
2020-09-23,3.19,4.7956,0.92,4.411952,-0.27696402862043834
2020-09-24,3.18,4.6232,0.92,4.253344,-0.25235297215555574
2020-09-25,3.17,4.5801,0.92,4.213692,-0.24769062380449258
2020-09-28,3.18,4.5863,0.92,4.219396,-0.2463376274708512
2020-09-29,3.17,4.6109,0.92,4.242028,-0.2527159179524511
2020-09-30,3.19,4.5863,0.92,4.219396,-0.24396762001006778
2020-10-09,3.2,4.7094,0.92,4.332648,-0.26142165253212346
2020-10-12,3.24,4.7032,0.92,4.326944,-0.25120362084649117
2020-10-14,3.19,4.5555,0.92,4.19106,-0.23885604119244297
2020-10-15,3.19,4.4878,0.92,4.128776,-0.22737392389415179
2020-10-16,3.19,4.4816,0.92,4.1230720000000005,-0.22630504633438375
2020-10-19,3.19,4.5616,0.92,4.196672,-0.23987388101810203
2020-10-20,3.18,4.4693,0.92,4.111756,-0.22660780454871343
2020-10-21,3.19,4.5247,0.92,4.162724000000001,-0.23367487251136532
2020-10-22,3.18,4.4016,0.92,4.049472000000001,-0.21471243658432515
2020-10-23,3.19,4.7217,0.92,4.343964000000001,-0.26564768952965556
2020-10-27,3.18,4.5309,0.92,4.1684280000000005,-0.23712248358373955
2020-10-28,3.17,4.4693,0.92,4.111756,-0.2290398554778056
2020-10-29,3.14,4.4016,0.92,4.049472000000001,-0.2245902675706859
2020-10-30,3.16,4.3339,0.92,3.987188,-0.2074614991818795
2020-11-02,3.15,4.3277,0.92,3.9814840000000005,-0.20883770975847205
2020-11-03,3.19,4.4878,0.92,4.128776,-0.22737392389415179
2020-11-04,3.19,4.4632,0.92,4.106144,-0.2231154094936757
2020-11-05,3.19,4.5124,0.92,4.151408000000001,-0.23158600648262007
2020-11-06,3.2,4.5001,0.92,4.140092,-0.2270703163118114
2020-11-09,3.24,4.5432,0.92,4.1797439999999995,-0.22483290842692738
2020-11-10,3.26,5.1773,0.92,4.763116,-0.3155740905743216
2020-11-11,3.31,5.442,0.92,5.00664,-0.3388779700557659
2020-11-12,3.27,5.4789,0.92,5.0405880000000005,-0.3512661618049323
2020-11-13,3.24,5.2573,0.92,4.836716,-0.33012399322184716
2020-11-16,3.29,5.3435,0.92,4.91602,-0.33075943547829334
2020-11-17,3.32,5.4543,0.92,5.017956,-0.3383760240225303
2020-11-18,3.3,5.4666,0.92,5.029272,-0.34384141482107156
2020-11-19,3.29,5.4543,0.92,5.017956,-0.34435455392594116
2020-11-20,3.29,5.3866,0.92,4.955672,-0.33611425453500554
2020-11-23,3.34,5.6513,0.92,5.199196000000001,-0.35759298168409126
2020-11-24,3.36,5.6266,0.92,5.176472,-0.35090926793383614
2020-11-25,3.34,5.8606,0.92,5.391752,-0.38053530652003287
2020-11-26,3.33,5.9098,0.92,5.437016,-0.38753169017711186
2020-11-27,3.33,5.8175,0.92,5.3521,-0.37781431587601133
2020-11-30,3.34,5.0049,0.92,4.604508,-0.27462391204445735
2020-12-01,3.33,4.771,0.92,4.38932,-0.24134034429023166
2020-12-02,3.33,4.7402,0.92,4.360984,-0.23641086507081888
2020-12-03,3.33,4.7402,0.92,4.360984,-0.23641086507081888
2020-12-04,3.33,4.5555,0.92,4.19106,-0.2054516041287885
2020-12-07,3.29,4.4139,0.92,4.0607880000000005,-0.18981242064348114
2020-12-08,3.26,4.2415,0.92,3.9021800000000004,-0.1645695483037688
2020-12-09,3.24,4.1307,0.92,3.800244,-0.14742316545990208
2020-12-10,3.25,4.0322,0.92,3.709624,-0.12390042764441889
2020-12-11,3.27,4.2785,0.92,3.9362200000000005,-0.16925375106066232
2020-12-14,3.25,4.4262,0.92,4.0721039999999995,-0.20188678874606336
2020-12-15,3.22,4.3093,0.92,3.9645560000000004,-0.1878031234771309
2020-12-16,3.22,4.3093,0.92,3.9645560000000004,-0.1878031234771309
2020-12-17,3.27,4.3585,0.92,4.00982,-0.18450204747345278
2020-12-18,3.3,4.4632,0.92,4.106144,-0.19632628568311283
2020-12-21,3.29,4.4632,0.92,4.106144,-0.19876166057498212
2020-12-22,3.21,4.4693,0.92,4.111756,-0.2193116517614372
2020-12-23,3.21,4.457,0.92,4.10044,-0.2171571831315664
2020-12-24,3.22,4.5186,0.92,4.157112000000001,-0.22542380383304572
2020-12-28,3.21,4.6171,0.92,4.247732,-0.2443026066616255
2020-12-29,3.2,4.5432,0.92,4.1797439999999995,-0.23440287252042213
2020-12-30,3.2,4.4385,0.92,4.08342,-0.21634316332877834
2020-12-31,3.22,4.4201,0.92,4.066492,-0.2081627112508767
2021-01-04,3.25,4.34,0.92,3.9928,-0.18603486275295533
2021-01-05,3.24,4.3462,0.92,3.9985039999999996,-0.18969694665804993
2021-01-06,3.29,4.5309,0.92,4.1684280000000005,-0.21073363867625883
2021-01-07,3.29,4.4632,0.92,4.106144,-0.19876166057498212
2021-01-08,3.33,4.3831,0.92,4.032452,-0.174199717690378
2021-01-11,3.27,4.4077,0.92,4.055084,-0.193604867371428
2021-01-12,3.34,4.4939,0.92,4.134388,-0.19214161805810204
2021-01-13,3.38,4.7402,0.92,4.360984,-0.2249455627445549
2021-01-14,3.36,5.0357,0.92,4.632844,-0.27474354845533333
2021-01-15,3.32,4.9803,0.92,4.581876,-0.2754059690834061
2021-01-18,3.29,5.0788,0.92,4.672496000000001,-0.29587954703439023
2021-01-19,3.3,5.1896,0.92,4.774432000000001,-0.3088183055073359
2021-01-20,3.31,5.1834,0.92,4.768728,-0.305894569788841
2021-01-21,3.29,5.0849,0.92,4.678108000000001,-0.29672423124904357
2021-01-22,3.24,4.8017,0.92,4.4175640000000005,-0.266564106371747
2021-01-25,3.22,4.7956,0.92,4.411952,-0.27016431729085
2021-01-26,3.22,4.6786,0.92,4.304312,-0.25191296541700514
2021-01-27,3.22,4.9618,0.92,4.564856000000001,-0.29461082671611116
2021-01-28,3.2,4.8756,0.92,4.485552,-0.28659839413298516
2021-01-29,3.17,4.6909,0.92,4.315628,-0.26546032234474337
2021-02-01,3.16,4.8448,0.92,4.457216000000001,-0.29103727528573897
2021-02-02,3.17,5.0295,0.92,4.62714,-0.31491158685494713
2021-02-03,3.17,5.208,0.92,4.79136,-0.338392439724838
2021-02-04,3.17,5.2019,0.92,4.785748000000001,-0.33761660664121906
2021-02-05,3.17,5.245,0.92,4.8254,-0.3430596427239193
2021-02-08,3.19,5.2881,0.92,4.865052,-0.3443030002557014
2021-02-09,3.23,5.4666,0.92,5.029272,-0.3577599302642609
2021-02-10,3.26,5.4112,0.92,4.9783040000000005,-0.34515851181446544
2021-02-18,3.4,6.2299,0.92,5.731508,-0.4067878820024329
2021-02-19,3.35,6.1007,0.92,5.612644,-0.40313335390593097
2021-02-22,3.45,6.193,0.92,5.69756,-0.3944776360406911
2021-02-23,3.47,6.4023,0.92,5.890116000000001,-0.4108774767763488
2021-02-24,3.38,5.9345,0.92,5.45974,-0.3809229010905282
2021-02-25,3.43,6.0699,0.92,5.584308,-0.3857788646328246
2021-02-26,3.38,5.6944,0.92,5.238848,-0.3548199909598446
2021-03-01,3.39,5.6328,0.92,5.182176,-0.3458346455234249
2021-03-02,3.31,5.442,0.92,5.00664,-0.3388779700557659
2021-03-03,3.34,5.639,0.92,5.187880000000001,-0.35619173920753766
2021-03-04,3.36,5.5959,0.92,5.1482280000000005,-0.3473482526414915
2021-03-05,3.43,5.7313,0.92,5.2727960000000005,-0.3494912376659367
2021-03-08,3.5,5.8483,0.92,5.380436,-0.3494950966798974
2021-03-09,3.47,5.7005,0.92,5.24446,-0.338349420150025
2021-03-10,3.4,5.5528,0.92,5.108576,-0.33445249713423075
2021-03-11,3.44,5.7251,0.92,5.267092000000001,-0.346888188017221
2021-03-12,3.45,5.5282,0.92,5.0859440000000005,-0.32165985311674694
2021-03-15,3.5,5.6143,0.92,5.1651560000000005,-0.3223825185531667
2021-03-16,3.47,5.5836,0.92,5.136912,-0.32449689618977307
2021-03-17,3.44,5.5097,0.92,5.068924,-0.3213549857918564
2021-03-18,3.42,5.3989,0.92,4.966988000000001,-0.31145394351667455
2021-03-19,3.35,5.1465,0.92,4.73478,-0.2924697662826995
2021-03-22,3.38,5.1342,0.92,4.723464,-0.2844234654905806
2021-03-23,3.35,5.0849,0.92,4.678108000000001,-0.28389853333869175
2021-03-24,3.31,4.9926,0.92,4.593192,-0.2793682476151661
2021-03-25,3.32,4.9741,0.92,4.576172000000001,-0.2745027940383361
2021-03-26,3.33,5.1403,0.92,4.729076,-0.29584553092401134
2021-03-29,3.33,5.0972,0.92,4.689424,-0.2898914664146385
2021-03-30,3.33,5.0664,0.92,4.661088,-0.2855745268057587
2021-03-31,3.33,5.0049,0.92,4.604508,-0.276795696738935
2021-04-01,3.32,4.9926,0.92,4.593192,-0.27719111241158656
2021-04-07,3.31,5.011,0.92,4.61012,-0.2820143510364156
2021-04-08,3.3,4.814,0.92,4.42888,-0.2548906269756689
2021-04-09,3.31,4.8695,0.92,4.479940000000001,-0.2611508189841829
2021-04-12,3.32,4.9125,0.92,4.5195,-0.26540546520632813
2021-04-13,3.29,4.8695,0.92,4.479940000000001,-0.2656151644888103
2021-04-14,3.29,4.9556,0.92,4.559152,-0.2783745749209502
2021-04-15,3.31,5.0357,0.92,4.632844,-0.285536055174748
2021-04-16,3.34,5.1896,0.92,4.774432000000001,-0.3004403455740915
2021-04-19,3.33,5.1649,0.92,4.751708000000001,-0.29919936157693205
2021-04-20,3.31,5.1465,0.92,4.73478,-0.3009178884763388
2021-04-21,3.28,5.0664,0.92,4.661088,-0.2963016360128795
2021-04-22,3.23,5.0418,0.92,4.638456000000001,-0.3036475930783865
2021-04-23,3.23,5.0357,0.92,4.632844,-0.30280406592581155
2021-04-26,3.23,5.0295,0.92,4.62714,-0.3019446137354823
2021-04-27,3.21,5.0295,0.92,4.62714,-0.30626693810863725
2021-04-28,3.23,5.011,0.92,4.61012,-0.2993674785038134
2021-04-29,3.26,5.0726,0.92,4.666792000000001,-0.30144733255735434
2021-04-30,3.29,5.0726,0.92,4.666792000000001,-0.2950189337772072
2021-05-06,3.4,5.3188,0.92,4.893296,-0.30517181057512166
2021-05-07,3.44,5.3681,0.92,4.938652,-0.30345365496495813
2021-05-10,3.55,5.6143,0.92,5.1651560000000005,-0.31270226881821195
2021-05-11,3.54,5.4173,0.92,4.983916,-0.2897151557128972
2021-05-12,3.64,5.4358,0.92,5.000936,-0.2721362560928594
2021-05-13,3.64,5.3127,0.92,4.887684000000001,-0.25527100360825306
2021-05-14,3.6,5.2942,0.92,4.8706640000000005,-0.26088106262308386
2021-05-17,3.61,5.2573,0.92,4.836716,-0.25362580726261374
2021-05-18,3.78,5.4235,0.92,4.98962,-0.24242727903126904
2021-05-20,3.61,5.2327,0.92,4.814084,-0.25011694852021704
2021-05-21,3.64,5.1957,0.92,4.780044,-0.23850073346605183
2021-05-24,3.58,5.2203,0.92,4.802676,-0.25458223706950045
2021-05-25,3.66,5.2696,0.92,4.848032,-0.2450544880891875
2021-05-26,3.63,5.2511,0.92,4.831012,-0.24860464018719064
2021-05-27,3.6,5.208,0.92,4.79136,-0.24864756561811263
2021-05-28,3.62,5.2327,0.92,4.814084,-0.24803971015046689
2021-05-31,3.58,5.1896,0.92,4.774432000000001,-0.250172585974625
2021-06-01,3.65,5.3619,0.92,4.9329480000000006,-0.26007734117610815
2021-06-02,3.65,5.405,0.92,4.972600000000001,-0.2659775570124282
2021-06-03,3.68,5.4177,0.92,4.984284000000001,-0.26167931040847603
2021-06-04,3.64,5.3987,0.92,4.966804,-0.267134358432505
2021-06-07,3.68,5.5254,0.92,5.083368,-0.27607051073225464
2021-06-08,3.66,5.5508,0.92,5.106736,-0.28329954789125567
2021-06-09,3.79,5.7155,0.92,5.25826,-0.27922925074073934
2021-06-10,3.81,5.7155,0.92,5.25826,-0.2754257111668118
2021-06-11,4.02,5.7916,0.92,5.328272,-0.2455340117771766
2021-06-15,4.05,5.6522,0.92,5.200024,-0.22115744081181166
2021-06-16,4.12,5.6395,0.92,5.18834,-0.2059117174279249
2021-06-17,4.05,5.6015,0.92,5.15338,-0.21410802230768944
2021-06-18,3.99,5.4874,0.92,5.048408,-0.20965183479623672
2021-06-21,3.96,5.4937,0.92,5.0542039999999995,-0.21649383364818664
2021-06-22,4.17,5.6458,0.92,5.194136,-0.19717157964288967
2021-06-23,4.17,5.6775,0.92,5.2233,-0.20165412670151062
2021-06-24,4.18,5.6838,0.92,5.229096,-0.2006266475123043
2021-06-25,4.19,5.8296,0.92,5.363232,-0.21875466136836885
2021-06-28,4.15,5.7599,0.92,5.299108,-0.21684932633945186
2021-06-29,4.13,5.5951,0.92,5.147492000000001,-0.19766752430115497
2021-06-30,4.17,5.5951,0.92,5.147492000000001,-0.1898967497181152
2021-07-02,4.12,5.6522,0.92,5.200024,-0.20769596448016392
2021-07-05,4.09,5.6965,0.92,5.240780000000001,-0.2195818179736606
2021-07-06,4.14,5.7789,0.92,5.316588,-0.22130509266469411
2021-07-07,4.04,5.6395,0.92,5.18834,-0.22133090738078076
2021-07-08,3.93,5.3227,0.92,4.896884,-0.1974488266415949
2021-07-09,3.93,5.329,0.92,4.90268,-0.19839761110249898
2021-07-12,3.89,5.3036,0.92,4.8793120000000005,-0.20275645418862343
2021-07-13,3.9,5.3163,0.92,4.890996,-0.20261639960449784
2021-07-14,3.85,5.2593,0.92,4.838556,-0.2043080621573874
2021-07-15,3.83,5.2149,0.92,4.797708,-0.2017021461081
2021-07-16,3.8,5.1452,0.92,4.7335840000000005,-0.19722561171408404
2021-07-19,3.74,5.0565,0.92,4.65198,-0.19604125555139962
2021-07-20,3.7,4.9678,0.92,4.570376,-0.1904385984873017
2021-07-21,3.69,4.9678,0.92,4.570376,-0.19262660227517392
2021-07-22,3.74,5.1389,0.92,4.727787999999999,-0.20893238021671012
2021-07-23,3.71,5.1262,0.92,4.7161040000000005,-0.21333371783149835
2021-07-26,3.65,4.9932,0.92,4.593744,-0.20544113907958306
2021-07-27,3.7,4.9235,0.92,4.52962,-0.1831544367960226
2021-07-28,3.66,4.9044,0.92,4.512048,-0.18883841661258916
2021-07-29,3.66,4.9361,0.92,4.541212,-0.19404775641392646
2021-07-30,3.69,4.8791,0.92,4.488772,-0.17794889114439316
2021-08-02,3.68,4.9425,0.92,4.5471,-0.19069296914516953
2021-08-03,3.61,4.9425,0.92,4.5471,-0.20608739636251683
2021-08-04,3.63,4.9488,0.92,4.5528960000000005,-0.2027052671530385
2021-08-05,3.59,4.9741,0.92,4.576172000000001,-0.21550151524024896
2021-08-06,3.59,5.1262,0.92,4.7161040000000005,-0.23877844933020997
2021-08-09,3.58,5.1136,0.92,4.704512,-0.23902840507155687
2021-08-10,3.59,5.1136,0.92,4.704512,-0.23690278609130988
2021-08-11,3.63,5.1579,0.92,4.745268,-0.2350273999276754
2021-08-12,3.63,5.2149,0.92,4.797708,-0.24338871811289897
2021-08-13,3.59,5.2339,0.92,4.815188,-0.25444240183353173
2021-08-16,3.63,5.2339,0.92,4.815188,-0.24613535338599446
2021-08-17,3.57,5.1136,0.92,4.704512,-0.24115402405180397
2021-08-18,3.58,5.2339,0.92,4.815188,-0.2565191639454161
2021-08-19,3.5,5.1389,0.92,4.727787999999999,-0.2596960777429106
2021-08-20,3.47,5.0058,0.92,4.605336,-0.24652620351696386
2021-08-23,3.49,4.9361,0.92,4.541212,-0.23148269668978227
2021-08-24,3.55,4.9615,0.92,4.56458,-0.22227236678949658
2021-08-25,3.63,4.9488,0.92,4.5528960000000005,-0.2027052671530385
2021-08-26,3.66,4.8981,0.92,4.506252000000001,-0.18779509002159678
2021-08-27,3.73,4.9044,0.92,4.512048,-0.17332439725818516
2021-08-30,3.83,4.9425,0.92,4.5471,-0.15770491082228244
2021-08-31,3.89,4.9235,0.92,4.52962,-0.14120831328014272
2021-09-01,3.89,5.0312,0.92,4.628704,-0.15959197218054988
2021-09-02,3.91,5.0509,0.92,4.646828,-0.1585658001544279
2021-09-03,3.98,5.0707,0.92,4.665044000000001,-0.1468462033798611
2021-09-06,3.95,5.1168,0.92,4.707456,-0.16090559316964392
2021-09-07,4.04,5.1431,0.92,4.7316519999999995,-0.14617558518673812
2021-09-08,4.07,5.0904,0.92,4.683168,-0.13093017376271787
2021-09-09,4.15,5.1826,0.92,4.7679920000000005,-0.12961263357824426
2021-09-10,4.09,5.3143,0.92,4.889156000000001,-0.163454796697017
2021-09-13,4.33,5.4592,0.92,5.022464,-0.13787336255670524
2021-09-14,4.5,5.4263,0.92,4.992196000000001,-0.09859308408564105
2021-09-15,4.72,5.4131,0.92,4.980052000000001,-0.05221873185259929
2021-09-16,4.69,5.4197,0.92,4.986124,-0.05938961806806242
2021-09-17,4.59,5.3143,0.92,4.889156000000001,-0.06118765692892614
2021-09-23,4.83,5.288,0.92,4.864960000000001,-0.007186081694402602
2021-09-24,4.81,5.3143,0.92,4.889156000000001,-0.016190115430966268
2021-09-27,5.0,5.5843,0.92,5.137556,-0.026774598661309046
2021-09-28,5.23,5.907,0.92,5.43444,-0.03761933152265917
2021-09-29,4.87,5.749,0.92,5.28908,-0.07923495201433894
2021-09-30,4.84,5.7292,0.92,5.2708639999999995,-0.08174447301239407
2021-10-08,5.06,5.8609,0.92,5.392028,-0.06157757341022718
2021-10-11,4.96,5.8609,0.92,5.392028,-0.08012347116891827
2021-10-12,4.83,5.7226,0.92,5.264792,-0.08258483905916891
2021-10-15,4.79,5.7161,0.92,5.258812,-0.08914789119671895
2021-10-18,4.84,5.7951,0.92,5.331492,-0.09218657741585279
2021-10-19,4.8,5.7951,0.92,5.331492,-0.09968916768514335
2021-10-20,4.71,5.6634,0.92,5.2103280000000005,-0.09602620026992548
2021-10-21,4.74,5.7226,0.92,5.264792,-0.09967953149906017
2021-10-22,4.59,5.6304,0.92,5.179968,-0.11389413988657837
2021-10-25,4.76,5.7029,0.92,5.246668,-0.0927575367833452
2021-10-26,4.71,5.637,0.92,5.18604,-0.09179258162297244
2021-10-27,4.68,5.6107,0.92,5.161843999999999,-0.09334726117255765
2021-10-28,4.39,5.558,0.92,5.11336,-0.1414647120484379
2021-10-29,4.42,5.6502,0.92,5.198184,-0.1497030501421266
2021-11-01,4.33,5.6239,0.92,5.1739880000000005,-0.1631213678887543
2021-11-02,4.25,5.5778,0.92,5.131576,-0.17179439610755054
2021-11-03,4.17,5.5382,0.92,5.095144,-0.18157367093059595
2021-11-04,4.09,5.4921,0.92,5.052732,-0.19053692141202028
2021-11-05,3.95,5.3736,0.92,4.943712,-0.20100523655099645
2021-11-08,3.97,5.4065,0.92,4.97398,-0.20184640871093162
2021-11-09,3.91,5.3868,0.92,4.955856,-0.2110343803371203
2021-11-10,3.91,5.4,0.92,4.968000000000001,-0.21296296296296302
2021-11-11,3.88,5.3539,0.92,4.925588,-0.21227678807078476
2021-11-12,3.88,5.367,0.92,4.93764,-0.21419949611555322
2021-11-15,3.88,5.3473,0.92,4.919516,-0.21130452670547262
2021-11-16,3.84,5.3802,0.92,4.949784,-0.2242085715255454
2021-11-17,3.89,5.3473,0.92,4.919516,-0.20927180641347642
2021-11-18,3.84,5.3078,0.92,4.883176000000001,-0.21362654141484982
2021-11-19,3.89,5.3341,0.92,4.9073720000000005,-0.20731503542018015
2021-11-22,3.91,5.2419,0.92,4.822548,-0.1892252809095939
2021-11-23,3.92,5.209,0.92,4.79228,-0.18201774520687442
2021-11-24,3.99,5.2353,0.92,4.816476,-0.17159350529308137
2021-11-25,3.92,5.2353,0.92,4.816476,-0.18612695256864142
2021-11-26,3.84,5.1234,0.92,4.713528,-0.18532360473938003
2021-11-29,3.82,5.1036,0.92,4.695312,-0.18642254231454702
2021-11-30,3.8,5.0443,0.92,4.640756,-0.18116789592040605
2021-12-01,3.92,5.1234,0.92,4.713528,-0.1683511798381171
2021-12-02,3.94,5.1365,0.92,4.72558,-0.16623991129131244
2021-12-03,3.96,5.0773,0.92,4.6711160000000005,-0.15223685303469248
2021-12-06,3.94,5.0839,0.92,4.677188,-0.15761350623494286
2021-12-07,4.0,5.1168,0.92,4.707456,-0.150284144981918
2021-12-08,4.04,5.1036,0.92,4.695312,-0.13956729606041096
2021-12-09,4.09,5.097,0.92,4.689240000000001,-0.1277904308587321
2021-12-10,4.0,5.097,0.92,4.689240000000001,-0.1469833064633076
2021-12-13,4.0,5.1036,0.92,4.695312,-0.1480864317429812
2021-12-14,3.92,5.0575,0.92,4.652900000000001,-0.15751466827140082
2021-12-15,3.89,5.0707,0.92,4.665044000000001,-0.16613862591649742
2021-12-16,3.98,5.1036,0.92,4.695312,-0.1523459995842662
2021-12-17,3.98,5.1892,0.92,4.774064,-0.16632872956876998
2021-12-20,3.91,5.1497,0.92,4.737724,-0.17470920636153564
2021-12-21,3.95,5.13,0.92,4.7196,-0.16306466649716067
2021-12-22,3.94,5.1826,0.92,4.7679920000000005,-0.17365633163814043
2021-12-23,4.05,5.2814,0.92,4.858888,-0.16647595087600298
2021-12-24,3.98,5.3341,0.92,4.9073720000000005,-0.18897528045560852
2021-12-28,3.97,5.3802,0.92,4.949784,-0.1979447992073997
2021-12-29,3.96,5.3539,0.92,4.925588,-0.196035072360904
2021-12-30,3.95,5.288,0.92,4.864960000000001,-0.1880714332697495
2021-12-31,3.96,5.288,0.92,4.864960000000001,-0.18601591791093874
2022-01-04,3.98,5.4,0.92,4.968000000000001,-0.19887278582930767
2022-01-05,4.0,5.5317,0.92,5.089164,-0.21401629029836733
2022-01-06,4.01,5.6239,0.92,5.1739880000000005,-0.22496921137041692
2022-01-07,4.25,5.6568,0.92,5.204256,-0.18336069555379286
2022-01-10,4.27,5.6239,0.92,5.1739880000000005,-0.1747178385415662
2022-01-11,4.22,5.6436,0.92,5.192112000000001,-0.1872286268092832
2022-01-12,4.29,6.0256,0.92,5.543552,-0.22612794107460343
2022-01-13,4.42,6.0848,0.92,5.598016,-0.21043455395625887
2022-01-14,4.26,6.0585,0.92,5.57382,-0.23571267102274573
2022-01-17,4.29,6.1243,0.92,5.634356,-0.23859976188938015
2022-01-18,4.42,6.1573,0.92,5.664716,-0.21973140401036884
2022-01-19,4.43,6.2099,0.92,5.713108,-0.22459018803775466
2022-01-20,4.35,6.1309,0.92,5.640428,-0.22878192931458396
2022-01-21,4.17,6.1112,0.92,5.622304000000001,-0.25831118345788495
2022-01-24,4.27,6.1573,0.92,5.664716,-0.24621110749417985
2022-01-25,4.14,6.0848,0.92,5.598016,-0.26045227452011577
2022-01-26,4.25,6.1968,0.92,5.701056,-0.25452407413644074
2022-01-27,4.22,6.1309,0.92,5.640428,-0.2518298256798952
2022-01-28,4.04,6.1507,0.92,5.658644,-0.2860480355364289
2022-02-07,4.42,6.5195,0.92,5.99794,-0.2630803242446573
2022-02-08,4.46,6.447,0.92,5.931240000000001,-0.24804931177966172
2022-02-09,4.42,6.4931,0.92,5.973652,-0.2600841160482734
2022-02-10,4.45,6.4931,0.92,5.973652,-0.2550620625372888
2022-02-11,4.67,6.5524,0.92,6.028208,-0.22530874847052396
2022-02-14,4.69,6.559,0.92,6.034280000000001,-0.22277388520254282
2022-02-15,4.55,6.3878,0.92,5.876776,-0.22576596419533446
2022-02-16,4.54,6.4668,0.92,5.9494560000000005,-0.23690502123219337
2022-02-17,4.59,6.4734,0.92,5.955528,-0.22928747879281242
2022-02-18,4.54,6.4997,0.92,5.979724,-0.24076763409147317
2022-02-21,4.49,6.5853,0.92,6.058476000000001,-0.2588895293139727
2022-02-22,4.67,6.6248,0.92,6.094816,-0.2337750639231767
2022-02-23,4.57,6.5985,0.92,6.07062,-0.2471938615825071
2022-02-24,4.76,6.6643,0.92,6.131156,-0.22363743476760334
2022-02-25,4.62,6.4536,0.92,5.937312,-0.22187009879218078
2022-02-28,4.65,6.5656,0.92,6.040352,-0.23017731416977028
2022-03-01,4.62,6.5985,0.92,6.07062,-0.23895747057137484
2022-03-02,4.71,6.8224,0.92,6.276608,-0.24959468553715647
2022-03-03,4.78,7.0068,0.92,6.446256,-0.2584843046878684
2022-03-04,4.68,6.8619,0.92,6.3129480000000004,-0.25866647404667364
2022-03-07,4.79,7.0199,0.92,6.458308,-0.25831967134425915
2022-03-08,4.75,6.7038,0.92,6.167496000000001,-0.22983330674231495
2022-03-09,4.63,6.6643,0.92,6.131156,-0.24484061407016877
2022-03-10,4.56,6.6512,0.92,6.119104,-0.2547928585622994
2022-03-11,4.5,6.447,0.92,5.931240000000001,-0.24130535941894116
2022-03-14,4.4,6.2363,0.92,5.737396,-0.2331015673312422
2022-03-15,4.03,5.8741,0.92,5.404172000000001,-0.25427984157425043
2022-03-16,4.09,6.0519,0.92,5.567748,-0.26541215586624967
2022-03-17,4.13,6.2692,0.92,5.767664,-0.28393887022545006
2022-03-18,4.23,6.4799,0.92,5.961508,-0.2904479873213287
2022-03-21,4.19,6.5326,0.92,6.0099920000000004,-0.30282769095200124
2022-03-22,4.31,6.8224,0.92,6.276608,-0.3133233746635127
2022-03-23,4.29,6.717,0.92,6.17964,-0.30578480299823285
2022-03-24,4.31,6.8092,0.92,6.264464,-0.3119922151360437
2022-03-25,4.33,6.7565,0.92,6.21598,-0.30340831212455643
2022-03-28,4.48,7.0068,0.92,6.446256,-0.30502294665306495
2022-03-29,4.53,7.1912,0.92,6.6159040000000005,-0.31528631612550606
2022-03-30,4.46,7.3229,0.92,6.737068,-0.33799094799102514
2022-03-31,4.45,7.0726,0.92,6.506792000000001,-0.3160992390720343
2022-04-01,4.41,7.2043,0.92,6.627956,-0.33463650030265746
2022-04-06,4.52,7.7048,0.92,7.088416,-0.36233990781579417
2022-04-07,4.48,7.4809,0.92,6.882428,-0.3490669281247838
2022-04-08,4.5,7.6785,0.92,7.06422,-0.3629869964412207
2022-04-11,4.43,7.3492,0.92,6.761264,-0.34479706753056827
2022-04-12,4.4,7.2834,0.92,6.700728000000001,-0.3433549309866033
2022-04-13,4.45,7.5468,0.92,6.943056,-0.35907185539047937
2022-04-14,4.51,7.6126,0.92,7.003592,-0.35604472676306675
2022-04-19,4.51,7.6653,0.92,7.0520760000000005,-0.3604720085262837
2022-04-20,4.36,7.3492,0.92,6.761264,-0.35515016127162014
2022-04-21,4.16,7.1648,0.92,6.591616,-0.368895275452939
2022-04-22,4.25,7.2438,0.92,6.664296,-0.3622732243585819
2022-04-25,4.07,6.717,0.92,6.17964,-0.34138558233165683
2022-04-26,4.02,6.4536,0.92,5.937312,-0.32292593011787163
2022-04-27,4.09,6.8882,0.92,6.337144,-0.3545988539947964
2022-04-28,4.17,7.1385,0.92,6.56742,-0.3650474615602475
2022-04-29,4.33,7.3887,0.92,6.797604000000001,-0.3630108491168359
2022-05-05,4.39,7.257,0.92,6.67644,-0.3424639478524484
2022-05-06,4.26,7.178,0.92,6.60376,-0.3549129586780865
2022-05-10,4.17,6.9277,0.92,6.373484,-0.3457267641999259
2022-05-11,4.18,6.9277,0.92,6.373484,-0.34415776363445805
2022-05-12,4.13,6.9277,0.92,6.373484,-0.35200276646179707
2022-05-13,4.16,7.0199,0.92,6.458308,-0.35586844108394944
2022-05-16,4.17,7.0331,0.92,6.470452000000001,-0.35553188556224524
2022-05-17,4.21,7.2307,0.92,6.652244,-0.36713085088279984
2022-05-18,4.17,7.2965,0.92,6.71278,-0.378796862104821
2022-05-19,4.14,7.1253,0.92,6.555276,-0.36844764430971333
2022-05-20,4.21,7.336,0.92,6.7491200000000005,-0.37621497321132236
2022-05-23,4.21,7.4414,0.92,6.846088,-0.3850502652025507
2022-05-24,4.17,7.3887,0.92,6.797604000000001,-0.3865485544612485
2022-05-25,4.29,7.5204,0.92,6.918768000000001,-0.3799474126029375
2022-05-26,4.32,7.639,0.92,7.027880000000001,-0.3853053837003477
2022-05-27,4.47,7.9024,0.92,7.270208,-0.3851620201237709
2022-05-30,4.46,8.0077,0.92,7.367084,-0.3946044323642842
2022-05-31,4.56,8.179,0.92,7.524680000000001,-0.3939941632069405
2022-06-01,4.47,8.0341,0.92,7.3913720000000005,-0.3952408294427612
2022-06-02,4.41,7.9287,0.92,7.294404,-0.3954269601738538
2022-06-06,4.43,8.0341,0.92,7.3913720000000005,-0.4006525446155329
2022-06-07,4.43,7.9682,0.92,7.330744000000001,-0.3956957165602838
2022-06-08,4.54,8.1394,0.92,7.4882480000000005,-0.39371666109348946
2022-06-09,4.67,8.3142,0.92,7.649064,-0.3894677832477281
2022-06-10,4.75,8.2851,0.92,7.622292,-0.37682786227554654
2022-06-13,4.75,8.2122,0.92,7.555224,-0.3712959403983257
2022-06-14,5.0,8.1394,0.92,7.4882480000000005,-0.33228707168886507
2022-06-15,4.94,8.023,0.92,7.38116,-0.3307285033788727
2022-06-16,4.77,7.7172,0.92,7.099824000000001,-0.3281523598331453
2022-06-17,4.7,7.6589,0.92,7.046188000000001,-0.33297266550367377
2022-06-20,4.39,7.3823,0.92,6.791716,-0.3536243270478331
2022-06-21,4.38,7.4405,0.92,6.845260000000001,-0.36014117798301315
2022-06-22,4.29,7.1566,0.92,6.584072,-0.34842753845948216
2022-06-23,4.35,7.2804,0.92,6.697968,-0.3505493009223096
2022-06-24,4.3,7.1784,0.92,6.604128,-0.34889208688868545
2022-06-27,4.34,7.3677,0.92,6.778284,-0.3597199527195969
2022-06-28,4.4,7.6298,0.92,7.0194160000000005,-0.37316722644732836
2022-06-29,4.36,7.6007,0.92,6.992644,-0.376487634720143
2022-06-30,4.35,7.5425,0.92,6.939100000000001,-0.3731175512674555
2022-07-04,4.36,7.4842,0.92,6.885464000000001,-0.3667819626970673
2022-07-05,4.43,7.5716,0.92,6.965872,-0.36404229075699357
2022-07-06,4.28,7.2076,0.92,6.630992000000001,-0.3545460468056665
2022-07-07,4.23,7.1639,0.92,6.590788,-0.35819510504661956
2022-07-08,4.26,7.2003,0.92,6.624276000000001,-0.3569108533521249
2022-07-11,4.21,7.1639,0.92,6.590788,-0.36122964355703746
2022-07-12,4.2,7.1348,0.92,6.5640160000000005,-0.36014781194927015
2022-07-13,4.18,6.9746,0.92,6.416632,-0.3485679091461066
2022-07-14,4.16,6.8945,0.92,6.3429400000000005,-0.34415271151863336
2022-07-15,4.11,6.7853,0.92,6.242476000000001,-0.3416074006532024
2022-07-18,4.23,7.1712,0.92,6.597504,-0.3588484372271694
2022-07-19,4.27,7.2512,0.92,6.671104000000001,-0.3599260332322807
2022-07-20,4.3,7.2804,0.92,6.697968,-0.35801425148642096
2022-07-21,4.26,7.1275,0.92,6.557300000000001,-0.3503423665228067
2022-07-22,4.27,7.1712,0.92,6.597504,-0.3527855382884194
2022-07-25,4.26,7.1129,0.92,6.543868,-0.3490088736508744
2022-07-26,4.31,7.2804,0.92,6.697968,-0.35652126137359874
2022-07-27,4.27,7.2367,0.92,6.657764,-0.35864353257339865
2022-07-28,4.31,7.3532,0.92,6.764944000000001,-0.3628919914192935
2022-07-29,4.27,7.2804,0.92,6.697968,-0.36249322182488786
2022-08-01,4.28,7.3095,0.92,6.724740000000001,-0.3635441667633247
2022-08-02,4.2,7.0984,0.92,6.530528,-0.35686670358047623
2022-08-03,4.17,7.0401,0.92,6.476892,-0.3561726828237989
2022-08-04,4.16,7.011,0.92,6.45012,-0.3550507587455737
2022-08-05,4.14,6.9236,0.92,6.369712000000001,-0.35004910740077433
2022-08-08,4.15,7.011,0.92,6.45012,-0.35660111749858914
2022-08-09,4.18,7.0328,0.92,6.470176,-0.3539588413050898
2022-08-10,4.21,6.9673,0.92,6.409916,-0.34320512156477556
2022-08-11,4.26,7.1056,0.92,6.537152,-0.3483400722516472
2022-08-12,4.3,7.2804,0.92,6.697968,-0.35801425148642096
2022-08-15,4.26,7.1712,0.92,6.597504,-0.35430126302310694
2022-08-16,4.22,6.9746,0.92,6.416632,-0.34233410923362917
2022-08-17,4.23,7.0255,0.92,6.46346,-0.3455517632970576
2022-08-18,4.19,6.9819,0.92,6.423348000000001,-0.347692200391447
2022-08-19,4.25,7.0474,0.92,6.483608,-0.34450077796190026
2022-08-22,4.29,7.1566,0.92,6.584072,-0.34842753845948216
2022-08-23,4.35,7.3968,0.92,6.805056,-0.3607694043957905
2022-08-24,4.37,7.5133,0.92,6.912236,-0.3677877896530153
2022-08-25,4.5,7.8774,0.92,7.247208,-0.3790712230144353
2022-08-26,4.46,7.79,0.92,7.1668,-0.37768599653959933
2022-08-29,4.5,7.9065,0.92,7.273980000000001,-0.38135656133231055
2022-08-30,4.49,7.921,0.92,7.28732,-0.3838612823369908
2022-08-31,4.38,7.7463,0.92,7.126596,-0.38540082810924037
2022-09-01,4.4,7.7026,0.92,7.086392000000001,-0.37909164494428194
2022-09-02,4.45,7.6298,0.92,7.0194160000000005,-0.36604412674786624
2022-09-05,4.56,7.8191,0.92,7.193572,-0.36610073548996247
2022-09-06,4.6,7.8814,0.92,7.250888000000001,-0.36559494506052237
2022-09-07,4.58,7.7334,0.92,7.114728,-0.3562649197551896
2022-09-08,4.54,7.4531,0.92,6.856852,-0.3378885821073577
2022-09-09,4.59,7.6088,0.92,7.000096,-0.3442947068154494
2022-09-13,4.55,7.7412,0.92,7.121904000000001,-0.3611259011635092
2022-09-14,4.53,7.9126,0.92,7.279592000000001,-0.37771237728707874
2022-09-15,4.55,8.0372,0.92,7.394224,-0.3846548332860893
2022-09-16,4.41,7.8503,0.92,7.222276,-0.3893891620868546
2022-09-19,4.39,7.788,0.92,7.164960000000001,-0.38729595140796325
2022-09-20,4.4,7.8503,0.92,7.222276,-0.3907737671614876
2022-09-21,4.46,8.0216,0.92,7.379872,-0.39565347474861357
2022-09-22,4.55,7.9593,0.92,7.3225560000000005,-0.37863226993415966
2022-09-23,4.64,7.9593,0.92,7.3225560000000005,-0.3663414796691211
2022-09-26,4.36,7.5154,0.92,6.914168,-0.36941075195164474
2022-09-27,4.35,7.4609,0.92,6.864028,-0.3662613264398107
2022-09-28,4.32,7.3129,0.92,6.727868,-0.35789465548372823
2022-09-29,4.36,7.2428,0.92,6.663376,-0.3456770261801225
2022-09-30,4.37,7.3285,0.92,6.7422200000000005,-0.35184553455686707
2022-10-10,4.49,7.6556,0.92,7.043152,-0.36250133462972256
2022-10-11,4.44,7.5387,0.92,6.9356040000000005,-0.35982504191415776
2022-10-12,4.43,7.4609,0.92,6.864028,-0.35460636232835885
2022-10-13,4.37,7.4141,0.92,6.820972,-0.3593288463872891
2022-10-14,4.41,7.5232,0.92,6.921344,-0.36284051190057887
2022-10-17,4.42,7.6633,0.92,7.050236,-0.37307063196182366
2022-10-18,4.4,7.7023,0.92,7.0861160000000005,-0.3790674609334648
2022-10-19,4.36,7.6711,0.92,7.057412,-0.3822097958855172
2022-10-20,4.4,7.6945,0.92,7.07894,-0.378438014731019
2022-10-21,4.43,7.749,0.92,7.12908,-0.3786014464699513
2022-10-24,4.41,7.601,0.92,6.992920000000001,-0.3693621548652065
2022-10-25,4.37,7.601,0.92,6.992920000000001,-0.37508222602289176
2022-10-26,4.33,7.5777,0.92,6.971484,-0.37889838088992245
2022-10-27,4.36,7.6322,0.92,7.021624,-0.3790610263380665
2022-10-28,4.32,7.6088,0.92,7.000096,-0.3828656064145406
2022-10-31,4.08,7.2895,0.92,6.706340000000001,-0.3916204666032441
2022-11-01,4.14,7.531,0.92,6.92852,-0.4024697915283495
2022-11-02,4.17,7.6945,0.92,7.07894,-0.4109287548700794
2022-11-03,4.17,7.5699,0.92,6.964308,-0.4012326852861763
2022-11-04,4.22,7.6945,0.92,7.07894,-0.4038655504920229
2022-11-07,4.31,7.897,0.92,7.26524,-0.4067642638095921
2022-11-08,4.31,7.9437,0.92,7.308204,-0.41025182110406333
2022-11-09,4.28,7.9281,0.92,7.293852,-0.41320443573574017
2022-11-10,4.22,7.8658,0.92,7.236536,-0.41684806100598415
2022-11-11,4.31,8.0372,0.92,7.394224,-0.4171126003215484
2022-11-14,4.29,8.0372,0.92,7.394224,-0.4198174142411699
2022-11-15,4.29,8.1618,0.92,7.508856,-0.4286746210075143
2022-11-16,4.31,8.1306,0.92,7.4801519999999995,-0.4238085001481253
2022-11-17,4.3,8.0839,0.92,7.437188,-0.42182448527588656
2022-11-18,4.26,7.9437,0.92,7.308204,-0.4170934473093526
2022-11-21,4.24,7.8191,0.92,7.193572,-0.41058489440294743
2022-11-22,4.32,7.9126,0.92,7.279592000000001,-0.4065601478764195
2022-11-23,4.38,7.9904,0.92,7.351168,-0.4041763159269385
2022-11-24,4.36,7.9437,0.92,7.308204,-0.40341019489877394
2022-11-25,4.42,7.9749,0.92,7.336908,-0.39756638627607166
2022-11-28,4.36,7.8347,0.92,7.207924,-0.39511015931910487
2022-11-29,4.43,7.9281,0.92,7.293852,-0.3926391706330209
2022-11-30,4.47,7.9437,0.92,7.308204,-0.3883586172471376
2022-12-01,4.43,7.8658,0.92,7.236536,-0.38782865171955205
2022-12-02,4.43,7.7646,0.92,7.143432,-0.379849909679269
2022-12-05,4.54,7.8347,0.92,7.207924,-0.3701376429607194
2022-12-06,4.5,7.8191,0.92,7.193572,-0.3744415152861471
2022-12-07,4.43,7.7412,0.92,7.121904000000001,-0.3779753279460101
2022-12-08,4.39,7.64,0.92,7.0288,-0.3754268153881175
2022-12-09,4.38,7.6478,0.92,7.035976000000001,-0.37748508522485014
2022-12-12,4.34,7.6711,0.92,7.057412,-0.385043695904391
2022-12-13,4.35,7.788,0.92,7.164960000000001,-0.3928786762242916
2022-12-14,4.38,7.8347,0.92,7.207924,-0.3923354352792844
2022-12-15,4.34,7.7802,0.92,7.157784,-0.3936670902614553
2022-12-16,4.36,7.788,0.92,7.164960000000001,-0.39148299502020945
2022-12-19,4.28,7.749,0.92,7.12908,-0.39964202954658945
2022-12-20,4.26,7.6867,0.92,7.071764000000001,-0.39760433181876553
2022-12-21,4.25,7.6478,0.92,7.035976000000001,-0.3959615552980852
2022-12-22,4.26,7.64,0.92,7.0288,-0.3939221488732074
2022-12-23,4.25,7.64,0.92,7.0288,-0.39534486683359893
2022-12-28,4.31,7.7724,0.92,7.150608,-0.3972540516834373
2022-12-29,4.23,7.7412,0.92,7.121904000000001,-0.40605770591684476
2022-12-30,4.24,7.7724,0.92,7.150608,-0.40704342903428625
2023-01-03,4.27,7.8658,0.92,7.236536,-0.4099386778425479
2023-01-04,4.25,7.8191,0.92,7.193572,-0.4091947644369167
2023-01-05,4.25,7.7646,0.92,7.143432,-0.405047881746477
2023-01-06,4.24,7.788,0.92,7.164960000000001,-0.4082311694691946
2023-01-09,4.25,7.749,0.92,7.12908,-0.40385014616191717
2023-01-10,4.23,7.749,0.92,7.12908,-0.4066555572388022
2023-01-11,4.24,7.8658,0.92,7.236536,-0.41408430774060956
2023-01-12,4.3,8.0527,0.92,7.4084840000000005,-0.4195843576094651
2023-01-13,4.34,8.1462,0.92,7.494504000000001,-0.42090897543052896
2023-01-16,4.36,8.1774,0.92,7.523208,-0.42045999525734234
2023-01-17,4.33,8.1774,0.92,7.523208,-0.4244476558404341
2023-01-18,4.34,8.4421,0.92,7.766732,-0.441206417319408
2023-01-19,4.35,8.411,0.92,7.73812,-0.43784795273270516
2023-01-20,4.43,8.8627,0.92,8.153684,-0.4566873084608136
2023-01-30,4.44,8.8627,0.92,8.153684,-0.4554608689765264
2023-01-31,4.41,8.8471,0.92,8.139332,-0.458186494911376
2023-02-01,4.43,9.034,0.92,8.311280000000002,-0.46698944085628225
2023-02-02,4.42,8.9873,0.92,8.268316,-0.4654292361346616
2023-02-03,4.41,8.7692,0.92,8.067664,-0.45337336805300765
2023-02-06,4.39,8.6914,0.92,7.996088,-0.45098152996815444
2023-02-07,4.41,8.8783,0.92,8.168035999999999,-0.4600905284942426
2023-02-08,4.39,9.0029,0.92,8.282668000000001,-0.4699775482972396
2023-02-09,4.41,8.925,0.92,8.211,-0.4629156010230179
2023-02-10,4.38,8.8004,0.92,8.096368,-0.4590166850123414
2023-02-13,4.39,8.8783,0.92,8.168035999999999,-0.46253909752601474
2023-02-14,4.41,8.925,0.92,8.211,-0.4629156010230179
2023-02-15,4.39,8.8471,0.92,8.139332,-0.46064369901608637
2023-02-16,4.39,8.8627,0.92,8.153684,-0.46159306639796205
2023-02-17,4.39,8.8471,0.92,8.139332,-0.46064369901608637
2023-02-20,4.47,8.8627,0.92,8.153684,-0.4517815505236652
2023-02-21,4.49,9.0496,0.92,8.325632,-0.46070160199249743
2023-02-22,4.47,8.9717,0.92,8.253964,-0.45844202858166094
2023-02-23,4.48,8.9406,0.92,8.225352,-0.4553424582923624
2023-02-24,4.46,8.8627,0.92,8.153684,-0.4530079900079522
2023-02-27,4.44,8.6914,0.92,7.996088,-0.444728472222917
2023-02-28,4.46,8.5823,0.92,7.895716,-0.4351367247758151
2023-03-01,4.5,8.7692,0.92,8.067664,-0.4422177225030691
2023-03-02,4.57,8.8315,0.92,8.12498,-0.4375370770143434
2023-03-03,4.69,9.0185,0.92,8.29702,-0.4347368091194187
2023-03-06,4.7,9.33,0.92,8.5836,-0.4524441959084766
2023-03-07,4.81,9.6415,0.92,8.870180000000001,-0.4577336649312642
2023-03-08,4.75,9.3767,0.92,8.626564,-0.44937520894761807
2023-03-09,4.75,9.5325,0.92,8.769900000000002,-0.45837466789815173
2023-03-10,4.64,8.8783,0.92,8.168035999999999,-0.43193198462886306
2023-03-13,4.84,9.4079,0.92,8.655268,-0.4408029884227732
2023-03-14,4.73,9.1275,0.92,8.3973,-0.4367237088111654
2023-03-15,4.82,9.2054,0.92,8.468968,-0.4308633590302856
2023-03-16,4.67,8.7537,0.92,8.053404,-0.42012098238210827
2023-03-17,4.97,9.034,0.92,8.311280000000002,-0.4020174991096439
2023-03-20,4.92,8.8004,0.92,8.096368,-0.39232011193167105
2023-03-21,4.84,8.7848,0.92,8.082016000000001,-0.4011395176648995
2023-03-22,4.86,8.8783,0.92,8.168035999999999,-0.4049977252793694
2023-03-23,4.92,8.9562,0.92,8.239704000000001,-0.40289117181879364
2023-03-24,4.81,8.8315,0.92,8.12498,-0.40799854276564385
2023-03-27,4.76,8.7692,0.92,8.067664,-0.4099903020254687
2023-03-28,4.83,8.925,0.92,8.211,-0.4117647058823529
2023-03-29,4.78,9.1431,0.92,8.411652,-0.43174063786756744
2023-03-30,5.12,9.1431,0.92,8.411652,-0.39132051587488403
2023-03-31,5.05,9.0808,0.92,8.354336,-0.3955234742773094
2023-04-03,5.12,9.2988,0.92,8.554896000000001,-0.4015123035978463
2023-04-04,5.26,9.5792,0.92,8.812864000000001,-0.4031452204413912
2023-04-06,5.27,9.5013,0.92,8.741196,-0.39710767268003155
2023-04-11,5.59,9.548,0.92,8.78416,-0.36362725633412873
2023-04-12,5.82,9.5948,0.92,8.827216,-0.3406754745777151
2023-04-13,5.78,9.7505,0.92,8.970460000000001,-0.3556629202961722
2023-04-14,5.88,9.8284,0.92,9.042128,-0.34971059909791147
2023-04-17,6.26,10.0932,0.92,9.285744,-0.3258483111315582
2023-04-18,6.22,9.9842,0.92,9.185464,-0.3228431356325603
2023-04-19,6.13,9.8284,0.92,9.042128,-0.3220622402160199
2023-04-20,6.24,9.7349,0.92,8.956108,-0.3032687859503258
2023-04-21,6.22,9.6571,0.92,8.884532,-0.29990684934220513
2023-04-24,6.24,9.6259,0.92,8.855828,-0.2953792688837227
2023-04-25,6.5,9.6726,0.92,8.898792,-0.269563778993823
2023-04-26,6.43,9.7349,0.92,8.956108,-0.2820542137276595
2023-04-27,6.4,9.6726,0.92,8.898792,-0.28080125931699496
2023-04-28,6.73,9.9686,0.92,9.171112,-0.26617404737833317
2023-05-04,6.83,9.6415,0.92,8.870180000000001,-0.23000435165915467
2023-05-05,6.8,9.6103,0.92,8.841476,-0.23089764650155697
2023-05-08,7.32,10.1711,0.92,9.357412,-0.21773242430706263
2023-05-09,6.9,10.0776,0.92,9.271392,-0.2557751845677543
2023-05-10,6.63,10.0932,0.92,9.285744,-0.28600228479268863
2023-05-11,6.51,9.9842,0.92,9.185464,-0.29127151333890156
2023-05-12,6.4,9.8284,0.92,9.042128,-0.29220201262357703
2023-05-15,6.37,10.0309,0.92,9.228428000000001,-0.3097415941263236
2023-05-16,6.41,10.0776,0.92,9.271392,-0.308625932330334
2023-05-17,6.37,9.8907,0.92,9.099444000000002,-0.2999572281559182
2023-05-18,6.57,9.9842,0.92,9.185464,-0.28473945355400654
2023-05-19,6.42,9.953,0.92,9.15676,-0.2988786426639991
2023-05-22,6.39,10.0465,0.92,9.24278,-0.3086495621447227
2023-05-23,6.27,9.9686,0.92,9.171112,-0.3163315419111664
2023-05-24,6.16,9.8907,0.92,9.099444000000002,-0.3230355612936352
2023-05-25,6.11,9.7194,0.92,8.941848,-0.31669605656459376
2023-05-29,6.5,9.6571,0.92,8.884532,-0.26839140204571277
2023-05-30,6.54,9.5792,0.92,8.812864000000001,-0.2579029927161024
2023-05-31,6.4,9.1742,0.92,8.440264,-0.24172987953931302
2023-06-01,6.51,9.2054,0.92,8.468968,-0.2313113002670456
2023-06-02,6.52,9.4546,0.92,8.698231999999999,-0.250422384686911
2023-06-05,6.58,9.5013,0.92,8.741196,-0.2472425970084643
2023-06-06,6.53,9.5169,0.92,8.755548,-0.2541871736640584
2023-06-07,6.53,9.5013,0.92,8.741196,-0.25296263806463093
2023-06-08,6.67,9.7751,0.92,8.993092,-0.25831960798355014
2023-06-09,6.7,9.8581,0.92,9.069452,-0.26125635815703085
2023-06-12,6.63,9.6922,0.92,8.916824,-0.2564617177595969
2023-06-13,6.49,9.3602,0.92,8.611384000000001,-0.24634646416882588
2023-06-14,6.48,9.327,0.92,8.58084,-0.2448291775630358
2023-06-15,6.45,9.2607,0.92,8.519844,-0.2429438848880332
2023-06-16,6.46,9.327,0.92,8.58084,-0.24715995170635974
2023-06-19,6.41,9.41,0.92,8.657200000000001,-0.2595758443838656
2023-06-20,6.28,9.327,0.92,8.58084,-0.26813691899627545
2023-06-21,6.41,9.2607,0.92,8.519844,-0.24763880653213843
2023-06-26,6.36,9.1611,0.92,8.428212,-0.24539154923962514
2023-06-27,6.59,9.327,0.92,8.58084,-0.23200991977475405
2023-06-28,6.62,9.327,0.92,8.58084,-0.22851375855976808
2023-06-29,6.56,9.2441,0.92,8.504572,-0.2286501895686226
2023-06-30,6.56,9.2939,0.92,8.550388000000002,-0.23278335439280673
2023-07-03,6.86,9.4764,0.92,8.718288000000001,-0.2131482694767597
2023-07-04,6.84,9.6258,0.92,8.855736,-0.22761925152240314
2023-07-05,6.84,9.6756,0.92,8.901552,-0.23159467023278646
2023-07-06,6.8,9.6092,0.92,8.840464,-0.23080960456374244
2023-07-07,6.78,9.6092,0.92,8.840464,-0.23307192925620202
2023-07-10,6.7,9.6424,0.92,8.871008,-0.24473070027667654
2023-07-11,6.71,9.7751,0.92,8.993092,-0.25387174956066283
2023-07-12,6.83,10.0075,0.92,9.206900000000001,-0.25816507184828774
2023-07-13,7.23,10.1237,0.92,9.313804,-0.22373285931290787
2023-07-14,7.23,10.1735,0.92,9.359620000000001,-0.22753274171387305
2023-07-18,7.07,10.0573,0.92,9.252716,-0.2359000319473763
2023-07-19,7.14,10.1735,0.92,9.359620000000001,-0.23714851671328552
2023-07-20,7.04,10.1735,0.92,9.359620000000001,-0.24783271115707695
2023-07-21,7.03,10.1569,0.92,9.344348,-0.24767356695191578
2023-07-24,6.99,10.0075,0.92,9.206900000000001,-0.2407868012034453
2023-07-25,7.05,10.2398,0.92,9.420616,-0.25164129394510937
2023-07-26,6.9,10.2232,0.92,9.405344000000001,-0.26637452069802026
2023-07-27,6.91,10.273,0.92,9.45116,-0.2688728156120518
2023-07-28,7.0,10.3062,0.92,9.481704,-0.2617360761314633
2023-07-31,6.95,10.439,0.92,9.60388,-0.2763341482817361
2023-08-01,7.09,10.5552,0.92,9.710784,-0.2698838734339061
2023-08-02,6.7,10.273,0.92,9.45116,-0.29109231036190264
2023-08-03,6.65,10.1071,0.92,9.298532000000002,-0.2848333478876022
2023-08-04,6.69,10.19,0.92,9.3748,-0.28638477620855907
2023-08-07,6.75,10.4556,0.92,9.619152000000001,-0.29827494149172407
2023-08-08,6.84,10.4888,0.92,9.649696,-0.29116937984367597
2023-08-09,6.85,10.605,0.92,9.7566,-0.297911157575385
2023-08-10,6.95,10.7875,0.92,9.9245,-0.2997128318806993
2023-08-11,6.84,10.8539,0.92,9.985588,-0.31501279644223257
2023-08-14,6.88,10.7875,0.92,9.9245,-0.3067660839336994
2023-08-15,6.88,10.6215,0.92,9.77178,-0.295931754501227
2023-08-16,6.71,10.4722,0.92,9.634424000000001,-0.303539059522396
2023-08-17,6.75,10.5718,0.92,9.726056,-0.30598795647485477
2023-08-18,6.74,10.5884,0.92,9.741328000000001,-0.30810255028883127
2023-08-21,6.64,10.5386,0.92,9.695512,-0.3151470494802132
2023-08-22,6.78,10.5552,0.92,9.710784,-0.30180714554046306
2023-08-23,6.8,10.5552,0.92,9.710784,-0.2997475795981046
2023-08-24,6.72,10.7211,0.92,9.863412,-0.31869418006669503
2023-08-25,6.77,10.7709,0.92,9.909228,-0.3167984428252131
2023-08-28,6.87,10.7045,0.92,9.84814,-0.30240634272055433
2023-08-29,6.8,10.8539,0.92,9.985588,-0.31901856956245345
2023-08-30,6.81,10.9535,0.92,10.07722,-0.32421838562619465
2023-08-31,6.8,11.1028,0.92,10.214576000000001,-0.33428465361655746
2023-09-04,6.98,11.4846,0.92,10.565832,-0.339379993927596
2023-09-05,6.98,11.3684,0.92,10.458928,-0.3326275886018146
2023-09-06,7.09,11.6173,0.92,10.687916000000001,-0.33663400797685916
2023-09-07,7.23,11.678,0.92,10.743760000000002,-0.3270512371832581
2023-09-11,7.14,11.5567,0.92,10.632164,-0.32845279662729054
2023-09-12,7.11,11.3661,0.92,10.456812,-0.320060454371753
2023-09-13,7.26,11.3834,0.92,10.472728,-0.30677088147424436
2023-09-14,7.32,11.9552,0.92,10.998784,-0.3344718834372964
2023-09-15,7.28,11.9032,0.92,10.950944,-0.3352171283133216
2023-09-18,7.22,11.9032,0.92,10.950944,-0.34069610802502504
2023-09-19,7.3,11.9379,0.92,10.982868000000002,-0.3353284406222492
2023-09-20,7.31,11.9898,0.92,11.030616000000002,-0.3372990230101385
2023-09-21,7.19,11.8686,0.92,10.919112000000002,-0.3415215449754523
2023-09-22,7.3,11.8859,0.92,10.935028,-0.332420547985794
2023-09-25,7.2,11.7646,0.92,10.823432,-0.33477662168524736
2023-09-26,7.19,11.6087,0.92,10.680004,-0.3267792783598208
2023-09-27,7.2,11.7819,0.92,10.839348000000001,-0.3357534050941072
2023-09-28,7.19,11.9552,0.92,10.998784,-0.34629137184619685
2023-10-09,7.12,11.6087,0.92,10.680004,-0.3333335830211299
2023-10-10,7.01,11.7126,0.92,10.775592000000001,-0.3494556957984305
2023-10-11,6.9,11.8339,0.92,10.887188,-0.3662275327660365
2023-10-12,6.91,11.7126,0.92,10.775592000000001,-0.35873592838333157
2023-10-13,6.91,11.7126,0.92,10.775592000000001,-0.35873592838333157
2023-10-16,7.02,11.7299,0.92,10.791508,-0.3494885052209571
2023-10-17,7.14,11.7299,0.92,10.791508,-0.3383686506093495
2023-10-18,7.19,11.9032,0.92,10.950944,-0.34343559788087674
2023-10-19,6.97,11.678,0.92,10.743760000000002,-0.35125133100516037
2023-10-20,6.92,11.6433,0.92,10.711836,-0.3539856286074582
2023-10-24,6.99,11.626,0.92,10.69592,-0.34647977920552875
2023-10-25,6.6,11.2968,0.92,10.393056,-0.36496060446513523
2023-10-26,6.71,11.47,0.92,10.5524,-0.3641256965240135
2023-10-27,6.68,11.5394,0.92,10.616248,-0.3707758145815735
2023-10-30,6.42,11.1408,0.92,10.249536,-0.37363018189311215
2023-10-31,6.41,10.9849,0.92,10.106108,-0.3657301109388501
2023-11-01,6.45,11.1755,0.92,10.28146,-0.3726571907102687
2023-11-02,6.53,11.2275,0.92,10.3293,-0.36781776112611697
2023-11-03,6.6,11.4354,0.92,10.520568,-0.3726574458717439
2023-11-06,6.38,11.0889,0.92,10.201788,-0.37461942945687565
2023-11-07,6.38,11.1062,0.92,10.217704,-0.37559357757868106
2023-11-08,6.33,10.829,0.92,9.96268,-0.3646287946616774
2023-11-09,6.38,10.8983,0.92,10.026436,-0.36368216981587476
2023-11-10,6.37,10.9156,0.92,10.042352,-0.3656864447691138
2023-11-13,6.43,11.1755,0.92,10.28146,-0.37460243973132223
2023-11-14,6.39,11.1062,0.92,10.217704,-0.37461488412661004
2023-11-15,6.46,11.4181,0.92,10.504652000000002,-0.3850343638228093
2023-11-16,6.42,11.2621,0.92,10.361132000000001,-0.3803765843346075
2023-11-17,6.34,11.0196,0.92,10.138032,-0.37463207849412994
2023-11-20,6.39,11.2448,0.92,10.345216,-0.3823231917052289
2023-11-21,6.42,11.2102,0.92,10.313384000000001,-0.3775079062313592
2023-11-22,6.41,11.1928,0.92,10.297376,-0.377511319388551
2023-11-23,6.4,11.2448,0.92,10.345216,-0.38135656133231055
2023-11-24,6.41,11.1408,0.92,10.249536,-0.37460583581539697
2023-11-27,6.42,11.1928,0.92,10.297376,-0.3765401982019497
2023-11-28,6.37,11.1235,0.92,10.23362,-0.37754186690535707
2023-11-29,6.36,11.1408,0.92,10.249536,-0.3794841054268213
2023-11-30,6.46,11.3141,0.92,10.408972,-0.3793815566032842
2023-12-01,6.46,11.1062,0.92,10.217704,-0.36776402996211277
2023-12-04,6.48,11.1408,0.92,10.249536,-0.36777625835940286
2023-12-05,6.36,11.1235,0.92,10.23362,-0.37851903822889654
2023-12-06,6.13,11.0889,0.92,10.201788,-0.3991249377069981
2023-12-07,6.1,10.7943,0.92,9.930756,-0.38574666420159764
2023-12-08,6.19,10.8636,0.92,9.994512,-0.38066010626631896
2023-12-11,6.18,10.725,0.92,9.867,-0.37366980845241726
2023-12-12,6.22,10.7597,0.92,9.898924000000001,-0.37164887820130765
2023-12-13,6.09,10.4478,0.92,9.611976000000002,-0.36641539679250146
2023-12-14,6.08,10.3785,0.92,9.54822,-0.3632320998049898
2023-12-15,6.06,10.6211,0.92,9.771412,-0.37982350964220934
2023-12-18,6.09,10.6211,0.92,9.771412,-0.37675332899687375
2023-12-19,6.1,10.7077,0.92,9.851084000000002,-0.3807788056624024
2023-12-20,6.1,10.777,0.92,9.91484,-0.38476062145228773
2023-12-21,6.1,10.6904,0.92,9.835168000000001,-0.3797767358930728
2023-12-22,6.15,10.7597,0.92,9.898924000000001,-0.37872035384855973
2023-12-27,6.41,11.1062,0.92,10.217704,-0.3726574972224679
2023-12-28,6.36,11.2448,0.92,10.345216,-0.38522308282398354
2023-12-29,6.36,11.2621,0.92,10.361132000000001,-0.38616745737820934
2024-01-02,6.43,11.4354,0.92,10.520568,-0.3888162692356535
2024-01-03,6.55,11.2621,0.92,10.361132000000001,-0.367829692740137
2024-01-04,6.69,11.574,0.92,10.64808,-0.3717177181238307
2024-01-05,6.74,11.7646,0.92,10.823432,-0.3772770041886899
2024-01-08,6.73,11.8512,0.92,10.903104,-0.38274458356079155
2024-01-09,6.72,11.6953,0.92,10.759676,-0.37544587773832605
2024-01-10,6.67,11.574,0.92,10.64808,-0.3735959910143425
2024-01-11,6.51,11.4527,0.92,10.536484,-0.3821468338014844
2024-01-12,6.51,11.6606,0.92,10.727752,-0.39316270547641297
2024-01-15,6.6,11.7646,0.92,10.823432,-0.3902119032114768
2024-01-16,6.61,11.6953,0.92,10.759676,-0.3856692339062998
2024-01-17,6.48,11.4181,0.92,10.504652000000002,-0.38313044544455166
2024-01-18,6.47,11.5047,0.92,10.584324,-0.38871863710899257
2024-01-19,6.43,11.4354,0.92,10.520568,-0.3888162692356535
2024-01-22,6.35,11.3488,0.92,10.440896,-0.39181464885772266
2024-01-23,6.31,11.4874,0.92,10.568408,-0.4029375096040956
2024-01-24,6.54,11.9379,0.92,10.982868000000002,-0.4045271235163712
2024-01-25,7.19,12.5096,0.92,11.508832000000002,-0.37526240716694803
2024-01-26,7.65,12.6309,0.92,11.620428,-0.3416765716374647
2024-01-29,7.56,12.7349,0.92,11.716108,-0.3547345244683644
2024-01-30,7.56,12.5616,0.92,11.556672,-0.3458324334202788
2024-01-31,7.53,12.527,0.92,11.52484,-0.3466286733698688
2024-02-01,7.34,12.4057,0.92,11.413244,-0.3568874896567532
2024-02-02,7.29,12.4576,0.92,11.460992,-0.3639294050637152
2024-02-05,7.48,12.4576,0.92,11.460992,-0.3473514334535788
2024-02-06,7.31,12.7349,0.92,11.716108,-0.37607266850049526
2024-02-07,7.48,12.6482,0.92,11.636344,-0.3571864152520756
2024-02-08,7.46,12.6829,0.92,11.668268000000001,-0.3606591826653279
2024-02-19,7.79,13.0641,0.92,12.018972,-0.3518580457629821
2024-02-20,7.78,13.4972,0.92,12.417424,-0.37346103346394555
2024-02-21,7.84,13.324,0.92,12.25808,-0.3604218605197551
2024-02-22,8.29,14.1037,0.92,12.975404000000001,-0.36109889141024065
2024-02-23,8.17,14.173,0.92,13.03916,-0.37342589553314787
2024-02-26,7.96,14.5541,0.92,13.389772,-0.4055163896741484
2024-02-27,8.0,14.5368,0.92,13.373856,-0.40181799475035473
2024-02-28,7.96,14.2423,0.92,13.102916,-0.3925016385665603
2024-02-29,7.96,13.9304,0.92,12.815968000000002,-0.3788998224714669
2024-03-01,7.91,13.9997,0.92,12.879724000000001,-0.3858564049974984
2024-03-04,8.21,14.4675,0.92,13.3101,-0.3831751827559522
2024-03-05,8.15,14.4329,0.92,13.278268,-0.38621512986482875
2024-03-06,8.09,14.5022,0.92,13.342024,-0.39364522204427155
2024-03-07,8.17,14.9007,0.92,13.708644000000001,-0.4040256643910223
2024-03-08,8.27,15.5591,0.92,14.314372,-0.4222589716125863
2024-03-11,8.1,15.0046,0.92,13.804232,-0.4132234230777925
2024-03-12,7.82,15.0566,0.92,13.852072,-0.43546351766002944
2024-03-13,7.82,15.2299,0.92,14.011508000000001,-0.4418873400350626
2024-03-14,7.91,15.3511,0.92,14.123012000000001,-0.43992117262238395
2024-03-15,7.97,15.1432,0.92,13.931744,-0.4279251757712459
2024-03-18,7.98,15.1259,0.92,13.915828000000001,-0.42655226839538407
2024-03-19,8.01,15.3511,0.92,14.123012000000001,-0.43284053005123846
2024-03-20,8.23,15.663,0.92,14.409960000000002,-0.4288672557036939
2024-03-21,8.26,15.7843,0.92,14.521556,-0.4311904316589765
2024-03-22,8.18,15.3511,0.92,14.123012000000001,-0.42080343768029094
2024-03-25,8.36,15.611,0.92,14.36212,-0.4179132328653431
2024-03-26,8.29,15.5591,0.92,14.314372,-0.4208617744459905
2024-03-27,8.26,15.2472,0.92,14.027424,-0.41115346623870497
2024-03-28,8.33,15.6977,0.92,14.441884,-0.42320544881817357
2024-04-02,8.97,16.5986,0.92,15.270712000000001,-0.4126010627402311
2024-04-03,9.17,16.5813,0.92,15.254795999999999,-0.3988775726663273
2024-04-08,9.25,16.564,0.92,15.23888,-0.3930000104994593
2024-04-09,9.11,16.3388,0.92,15.031696,-0.3939472964328178
2024-04-10,9.25,16.5986,0.92,15.270712000000001,-0.394265309960662
2024-04-11,9.21,16.7719,0.92,15.430147999999999,-0.40311654820161147
2024-04-12,9.25,16.5467,0.92,15.222964000000001,-0.3923653764142121
2024-04-15,9.61,16.7892,0.92,15.446064000000002,-0.3778350264507516
2024-04-16,9.81,16.46,0.92,15.143200000000002,-0.35218447884198856
2024-04-17,9.84,16.3041,0.92,14.999771999999998,-0.3439900286484354
2024-04-18,9.56,15.9402,0.92,14.664984000000002,-0.3481070282790626
2024-04-19,9.83,16.1308,0.92,14.840336,-0.33761607553899053
2024-04-22,9.57,15.7323,0.92,14.473716000000001,-0.33880145223244673
2024-04-23,9.32,15.9576,0.92,14.680992,-0.36516551470091396
2024-04-24,9.39,16.2175,0.92,14.920100000000001,-0.37064764981467957
2024-04-25,9.49,16.46,0.92,15.143200000000002,-0.3733160758624333
2024-04-26,9.62,17.0491,0.92,15.685172,-0.3866818929368451
2024-04-29,9.2,17.1184,0.92,15.748928000000001,-0.41583325544443417
2024-04-30,9.25,17.5862,0.92,16.179304000000002,-0.4282819582350391
2024-05-06,9.01,17.0838,0.92,15.717096000000002,-0.42673888356984024
2024-05-07,9.11,17.1704,0.92,15.796768000000002,-0.42329975346855775
2024-05-08,9.12,17.1704,0.92,15.796768000000002,-0.4226667125832323
2024-05-09,9.07,17.257,0.92,15.876440000000002,-0.4287132379803029
2024-05-10,9.08,17.7595,0.92,16.33874,-0.44426559208360017
2024-05-13,9.02,17.3264,0.92,15.940288,-0.4341382037764939
2024-05-14,8.94,16.9278,0.92,15.573576000000003,-0.4259507257678007
2024-05-16,8.85,16.7373,0.92,15.398316000000001,-0.42526182733228757
2024-05-17,8.93,16.7719,0.92,15.430147999999999,-0.42126284206736053
2024-05-20,9.19,17.0318,0.92,15.669256,-0.41350118984589956
2024-05-21,9.12,16.6506,0.92,15.318552000000002,-0.4046434676071212
2024-05-22,9.05,16.4947,0.92,15.175124000000002,-0.40362925535237804
2024-05-23,8.92,16.616,0.92,15.28672,-0.41648699001486256
2024-05-24,8.98,16.9972,0.92,15.637424,-0.42573661748891634
2024-05-27,9.22,17.7162,0.92,16.298904,-0.43431779216565725
2024-05-28,9.36,17.8461,0.92,16.418412,-0.4299083248733191
2024-05-29,9.45,18.1494,0.92,16.697448,-0.43404525050774234
2024-05-30,9.18,17.7162,0.92,16.298904,-0.4367719449111426
2024-05-31,9.13,18.106,0.92,16.65752,-0.4518992022822125
2024-06-03,9.15,18.236,0.92,16.77712,-0.4546143795836234
2024-06-04,8.99,17.8895,0.92,16.458340000000003,-0.45377237315549457
2024-06-05,8.8,17.5862,0.92,16.179304000000002,-0.45609526837495606
2024-06-06,8.99,18.2793,0.92,16.816956,-0.46542049583765344
2024-06-07,8.99,18.4092,0.92,16.936464,-0.4691926248595929
2024-06-11,8.84,18.4526,0.92,16.976392,-0.4792768687245206
2024-06-12,9.0,18.8857,0.92,17.374844,-0.48200973775649436
2024-06-13,8.92,19.118,0.92,17.58856,-0.49285217209367915
2024-06-14,8.85,19.0287,0.92,17.506404,-0.49447070911878876
2024-06-17,8.69,18.85,0.92,17.342000000000002,-0.4989043939568678
2024-06-18,8.79,19.1627,0.92,17.629684,-0.501409100696303
2024-06-19,8.9,20.2794,0.92,18.657048,-0.5229684781858308
2024-06-20,9.06,20.9941,0.92,19.314572000000002,-0.5309241126337152
2024-06-21,8.98,20.324,0.92,18.69808,-0.5197367858090243
2024-06-24,9.03,20.1454,0.92,18.533768,-0.5127812110305903
2024-06-25,9.05,20.2794,0.92,18.657048,-0.5149286210766033
2024-06-26,8.94,20.1454,0.92,18.533768,-0.5176372122495545
2024-06-27,8.93,19.4307,0.92,17.876244000000003,-0.5004543460024378
2024-06-28,9.51,20.0114,0.92,18.410488,-0.4834466093457165
2024-07-02,9.82,20.9047,0.92,19.232324,-0.48940128088524293
2024-07-03,9.74,20.9047,0.92,19.232324,-0.4935609445847522
2024-07-04,9.8,20.9047,0.92,19.232324,-0.4904411968101202
2024-07-05,9.71,20.7707,0.92,19.109044,-0.49186364320475684
2024-07-08,9.83,20.6814,0.92,19.026888,-0.483362702297927
2024-07-09,9.8,20.5027,0.92,18.862484000000002,-0.48045018885105484
2024-07-10,9.52,19.788,0.92,18.20496,-0.4770655909158823
2024-07-11,9.64,20.19,0.92,18.574800000000003,-0.4810172922454078
2024-07-12,9.52,20.4134,0.92,18.780328,-0.4930865957186691
2024-07-15,9.65,20.1007,0.92,18.492644000000002,-0.47817088784059225
2024-07-16,9.68,19.922,0.92,18.32824,-0.4718532712360817
2024-07-17,9.3,18.8947,0.92,17.383124000000002,-0.46499835127448896
2024-07-18,9.4,19.252,0.92,17.71184,-0.46928156532579335
2024-07-19,9.19,18.314,0.92,16.84888,-0.4545631519721193
2024-07-22,8.87,18.2693,0.92,16.807756,-0.47226744605288185
2024-07-23,8.76,18.18,0.92,16.7256,-0.4762519730233893
2024-07-24,8.81,18.4033,0.92,16.931036000000002,-0.47965381445057476
2024-07-25,8.44,17.6886,0.92,16.273512,-0.48136579246077926
2024-07-26,8.39,17.778,0.92,16.35576,-0.4870308686358812
2024-07-29,8.42,18.4033,0.92,16.931036000000002,-0.5026884356042951
2024-07-30,8.09,17.7958,0.92,16.372136,-0.5058677743698197
2024-07-31,8.27,18.314,0.92,16.84888,-0.5091661879009168
2024-08-01,8.32,18.6713,0.92,17.177596,-0.5156481733532445
2024-08-02,8.16,18.2246,0.92,16.766632,-0.5133190732640879
2024-08-05,7.76,17.0633,0.92,15.698236000000001,-0.5056769435750617
2024-08-06,7.82,16.8489,0.92,15.500988000000001,-0.49551602775255366
2024-08-07,7.92,17.1883,0.92,15.813236000000002,-0.49915374689911673
2024-08-08,7.88,17.5457,0.92,16.142044000000002,-0.5118338173282145
2024-08-09,8.05,17.778,0.92,16.35576,-0.5078186522668466
2024-08-12,8.03,17.635,0.92,16.224200000000003,-0.5050603419583093
2024-08-13,8.1,17.912,0.92,16.47904,-0.5084665126123853
2024-08-14,8.09,17.8494,0.92,16.421448,-0.5073516050472529
2024-08-15,8.16,17.7958,0.92,16.372136,-0.5015922174113384
2024-08-16,8.3,18.4033,0.92,16.931036000000002,-0.5097760113439013
2024-08-19,8.36,18.3586,0.92,16.889912,-0.505029984762502
2024-08-20,8.19,18.0013,0.92,16.561196000000002,-0.5054704986282392
2024-08-21,8.23,18.18,0.92,16.7256,-0.5079399244272254
2024-08-22,8.2,18.0906,0.92,16.643352,-0.5073107869135978
2024-08-23,8.23,18.2693,0.92,16.807756,-0.5103451049622567
2024-08-26,8.34,18.4926,0.92,17.013192,-0.5097921659850779
2024-08-27,8.59,19.118,0.92,17.58856,-0.5116143675207067
2024-08-28,8.46,19.0287,0.92,17.506404,-0.5167482710898251
2024-08-29,8.2,18.9393,0.92,17.424156,-0.5293889701171179
2024-08-30,8.23,19.252,0.92,17.71184,-0.5353390726203489
2024-09-02,8.3,18.8947,0.92,17.383124000000002,-0.5225254102772321
2024-09-03,8.03,18.984,0.92,17.465280000000003,-0.5402306748016638
2024-09-04,7.6,17.778,0.92,16.35576,-0.5353318953078304
2024-09-05,7.49,17.7244,0.92,16.306448,-0.5406724996148762
2024-09-09,7.21,17.0454,0.92,15.681768000000002,-0.5402304127952919
2024-09-10,7.28,17.1169,0.92,15.747548000000002,-0.5377058066436756
2024-09-11,7.14,16.7238,0.92,15.385896,-0.5359386284685663
2024-09-12,7.22,16.8912,0.92,15.539904000000002,-0.5353896652128611
2024-09-13,7.28,17.1888,0.92,15.813696000000002,-0.5396395630724152
2024-09-19,7.44,17.4865,0.92,16.08758,-0.5375314372951059
2024-09-20,7.49,17.5795,0.92,16.17314,-0.5368864673155614
2024-09-23,7.59,17.6539,0.92,16.241588,-0.5326811639354476
2024-09-24,7.92,18.3794,0.92,16.909048000000002,-0.531611714627577
2024-09-25,7.96,18.305,0.92,16.840600000000002,-0.5273327553650108
2024-09-26,7.95,17.1144,0.92,15.745248,-0.49508575539743804
2024-09-27,7.94,17.2819,0.92,15.899348000000002,-0.5006084526233403
2024-09-30,8.55,18.0632,0.92,16.618144,-0.4855021114271244
2024-10-08,8.85,18.9282,0.92,17.413944,-0.4917865820632018
2024-10-09,8.01,17.9516,0.92,16.515472,-0.5150002373531921
2024-10-10,8.28,18.6957,0.92,17.200044,-0.5186058826361142
2024-10-14,8.29,18.7422,0.92,17.242824000000002,-0.519220285493838
2024-10-15,7.99,17.9516,0.92,16.515472,-0.516211223027716
2024-10-16,7.98,17.7655,0.92,16.34426,-0.5117551972374399
2024-10-17,7.91,17.7097,0.92,16.292924000000003,-0.5145131714847502
2024-10-18,8.09,17.6911,0.92,16.275812,-0.5029433861732981
2024-10-21,8.01,17.4493,0.92,16.053356,-0.5010389104932327
2024-10-22,8.01,17.4493,0.92,16.053356,-0.5010389104932327
2024-10-23,8.03,17.5237,0.92,16.121804,-0.5019167830101396
2024-10-24,8.01,17.7283,0.92,16.310036,-0.5088913353716693
2024-10-25,7.95,17.5981,0.92,16.190252,-0.5089637888279935
2024-10-28,7.93,17.3935,0.92,16.00202,-0.5044375647574495
2024-10-29,7.77,17.133,0.92,15.76236,-0.5070535122913067
2024-10-30,7.68,16.761,0.92,15.42012,-0.5019494011719754
2024-10-31,7.67,16.9098,0.92,15.557016,-0.5069748594460532
2024-11-01,7.86,17.0958,0.92,15.728136000000001,-0.5002586447624817
2024-11-04,7.77,16.854,0.92,15.50568,-0.49889330877459104
2024-11-05,7.84,17.1144,0.92,15.745248,-0.5020719902284169
2024-11-06,7.83,16.6866,0.92,15.351671999999999,-0.4899578365144851
2024-11-07,7.91,16.7796,0.92,15.437232,-0.4876024406447995
2024-11-08,7.82,16.5192,0.92,15.197664000000001,-0.4854472371543417
2024-11-11,7.66,16.0913,0.92,14.803996000000001,-0.4825721379551846
2024-11-12,7.58,15.7564,0.92,14.495888,-0.4770930901232129
2024-11-13,7.65,15.8309,0.92,14.564428000000001,-0.4747476522936569
2024-11-14,7.61,15.5704,0.92,14.324768,-0.468752303702231
2024-11-15,7.61,15.6448,0.92,14.393216,-0.47127869129456545
2024-11-18,7.72,15.8495,0.92,14.581540000000002,-0.47056346586163067
2024-11-19,7.7,15.9611,0.92,14.684212,-0.47562729276858706
2024-11-20,7.7,15.9053,0.92,14.632876000000001,-0.4737876545936698
2024-11-21,7.68,15.9611,0.92,14.684212,-0.4769892998003571
2024-11-22,7.59,15.8681,0.92,14.598652000000001,-0.48008898355820806
2024-11-25,7.61,16.1099,0.92,14.821108,-0.4865431113517289
2024-11-26,7.6,15.9239,0.92,14.649988,-0.48122824400948316
2024-11-27,7.61,16.0541,0.92,14.769772,-0.48475846478875906
2024-11-28,7.61,15.8495,0.92,14.581540000000002,-0.478107250674483
2024-11-29,7.62,15.9053,0.92,14.632876000000001,-0.4792547958446447
2024-12-02,7.6,15.8681,0.92,14.598652000000001,-0.4794039888066378
2024-12-03,7.67,16.1843,0.92,14.889556,-0.48487382699658743
2024-12-04,8.0,16.5564,0.92,15.231888000000001,-0.4747860540991373
2024-12-05,7.85,16.4075,0.92,15.094899999999999,-0.4799568066035549
2024-12-06,7.88,16.4819,0.92,15.163348000000001,-0.48032584888245
2024-12-09,7.99,16.7796,0.92,15.437232,-0.4824201644439884
2024-12-10,7.92,16.5006,0.92,15.180551999999999,-0.4782798412073552
2024-12-11,8.01,16.6122,0.92,15.283224000000002,-0.4758959235302709
2024-12-12,8.01,16.7238,0.92,15.385896,-0.4793933352987698
2024-12-13,7.84,16.4447,0.92,15.129124000000001,-0.4817941871584899
2024-12-16,8.01,16.575,0.92,15.249,-0.4747196537477868
2024-12-17,8.03,16.854,0.92,15.50568,-0.4821252599047575
2024-12-18,8.06,16.8912,0.92,15.539904000000002,-0.4813352772320859
2024-12-19,7.98,16.854,0.92,15.50568,-0.4853498846874177
2024-12-20,7.9,16.6494,0.92,15.317448,-0.4842482899240135
2024-12-23,8.13,17.0214,0.92,15.659688000000001,-0.48083256831170584
2024-12-24,8.32,17.3005,0.92,15.91646,-0.47727069964049795
2024-12-27,8.45,17.3749,0.92,15.984908,-0.47137637576644176
2024-12-30,8.53,17.5423,0.92,16.138916000000002,-0.4714638827043899
2024-12-31,8.47,17.7841,0.92,16.361372,-0.482317253100779
