date,601857,00883
2018-01-02,1.7749523509116738,1.6999423814679024
2018-01-03,1.7783364488959144,1.7085778402916703
2018-01-04,1.8115620965242347,1.7457539244049594
2018-01-05,1.8164520818184267,1.7540042949811565
2018-01-08,1.8082887711792655,1.7407643759881575
2018-01-09,1.8066480817218056,1.7424249569280588
2018-01-10,1.8341801851120072,1.7589283788869052
2018-01-11,1.8357763546448294,1.7572950005236183
2018-01-12,1.8341801851120072,1.78158185254742
2018-01-15,1.8421356765531218,1.7670712066282224
2018-01-16,1.8293763327993617,1.7847831914914094
2018-01-17,1.8421356765531218,1.7703192618291874
2018-01-18,1.8325814637483102,1.7621871535618714
2018-01-19,1.8625285401162623,1.752362847270394
2018-01-22,1.8578592709325787,1.7687043984672388
2018-01-23,1.884034745337226,1.7767683281450948
2018-01-24,1.8991179875485542,1.8068648070036581
2018-01-25,1.890095369948917,1.8130831613406138
2018-01-26,1.8961194845522977,1.800592344276815
2018-01-29,1.8961194845522977,1.7958849477272385
2018-01-30,1.8748743759385615,1.7670712066282224
2018-01-31,1.864080130807681,1.7556430527561182
2018-02-01,1.8625285401162623,1.7474062472564824
2018-02-02,1.8961194845522977,1.7942955839021804
2018-02-05,1.900613874140137,1.7719315216113187
2018-02-06,1.8421356765531218,1.7188561045766313
2018-02-07,1.81319474994812,1.71715588710051
2018-02-08,1.7884205679625405,1.6981928352306386
2018-02-09,1.7387102481382397,1.668180670537591
2018-02-12,1.742219023667919,1.6464492636668373
2018-02-13,1.7457155307266483,1.6482739362192986
2018-02-14,1.747459210331475,1.6573827670491064
2018-02-22,1.7647307968401356,1.6877158638409082
2018-02-23,1.7681496035889213,1.7016720934739564
2018-02-26,1.776645831418007,1.713730177715613
2018-02-27,1.7613002617433464,1.7085778402916703
2018-02-28,1.7457155307266483,1.6894668353972435
2018-03-01,1.747459210331475,1.677110766414493
2018-03-02,1.7404661748405046,1.6628050149942473
2018-03-05,1.7457155307266483,1.6372398324556645
2018-03-06,1.7578579175523736,1.677110766414493
2018-03-07,1.747459210331475,1.6555570841054212
2018-03-08,1.749199854809259,1.6591876160982322
2018-03-09,1.749199854809259,1.6788803894999809
2018-03-12,1.7509374747078,1.705139288438486
2018-03-13,1.7439688053917064,1.6859447763733042
2018-03-14,1.7439688053917064,1.6824273735732487
2018-03-15,1.7387102481382397,1.6788803894999809
2018-03-16,1.7334238922150915,1.6735448404487574
2018-03-19,1.7404661748405046,1.6841876214877864
2018-03-20,1.7544036826842861,1.6912147464103313
2018-03-21,1.749199854809259,1.7102926924937758
2018-03-22,1.7509374747078,1.71543622465645
2018-03-23,1.7227665977411035,1.6981928352306386
2018-03-26,1.713797927758343,1.7188561045766313
2018-03-27,1.7191887763932197,1.7188561045766313
2018-03-28,1.6937790608678513,1.7085778402916703
2018-03-29,1.706564623164823,1.7033988187418403
2018-04-03,1.6789639750827108,1.6663919942885796
2018-04-04,1.6752256529721035,1.6482739362192986
2018-04-09,1.6770965609079151,1.6788803894999809
2018-04-10,1.691939133945844,1.7016720934739564
2018-04-11,1.7047480922384253,1.7424249569280588
2018-04-12,1.7101878155342434,1.7783702321090389
2018-04-13,1.6956156086751528,1.7654510853153034
2018-04-16,1.6863989535702288,1.7638283349493553
2018-04-17,1.682688374173693,1.7799850891414388
2018-04-18,1.6992786164338898,1.7958849477272385
2018-04-19,1.713797927758343,1.8390990580120137
2018-04-20,1.6992786164338898,1.8146279801316632
2018-04-23,1.6900958154515549,1.8052928123633003
2018-04-24,1.7083778602890038,1.8130831613406138
2018-04-25,1.6992786164338898,1.8130831613406138
2018-04-26,1.6863989535702288,1.8084192544692297
2018-04-27,1.7011051009599243,1.8360672214298934
2018-05-02,1.6956156086751528,1.8421071499972737
2018-05-03,1.706564623164823,1.8207983952570526
2018-05-04,1.706564623164823,1.8254050548138785
2018-05-07,1.724550719534605,1.85557585468841
2018-05-08,1.724550719534605,1.837576965426672
2018-05-09,1.7316555451583497,1.860025409898144
2018-05-10,1.7457155307266483,1.887736699232192
2018-05-11,1.742219023667919,1.8848629736899867
2018-05-14,1.7439688053917064,1.893473343965684
2018-05-15,1.7457155307266483,1.8977577814504047
2018-05-16,1.7316555451583497,1.9119035672336175
2018-05-17,1.7334238922150915,1.893473343965684
2018-05-18,1.8050046959780757,1.9272322261847838
2018-05-21,1.8082887711792655,1.9313747341799397
2018-05-23,1.7749523509116738,1.8688655615721432
2018-05-24,1.7749523509116738,1.8659227731842778
2018-05-25,1.7613002617433464,1.829990590332499
2018-05-28,1.7613002617433464,1.8207983952570526
2018-05-29,1.7509374747078,1.803733493605757
2018-05-30,1.7209792871670078,1.8115209192058723
2018-05-31,1.742219023667919,1.8360672214298934
2018-06-01,1.7457155307266483,1.873242370094562
2018-06-04,1.7404661748405046,1.8659227731842778
2018-06-05,1.742219023667919,1.8659227731842778
2018-06-06,1.742219023667919,1.8703266272750216
2018-06-07,1.7369512327330598,1.8777830251497318
2018-06-08,1.7334238922150915,1.8582766565140048
2018-06-11,1.715598108262491,1.8762905506037948
2018-06-12,1.7227665977411035,1.8925310719119286
2018-06-13,1.7173950539391927,1.8718138691409292
2018-06-14,1.7119945007591924,1.8491393029972463
2018-06-15,1.713797927758343,1.8383822068595903
2018-06-19,1.667706820558076,1.8069856273741194
2018-06-20,1.6695918352538475,1.8321871460152903
2018-06-21,1.6582280766035324,1.798980004971285
2018-06-22,1.6620303625532709,1.790909775006809
2018-06-25,1.6620303625532709,1.814927668458049
2018-06-26,1.665818245870208,1.810167006191038
2018-06-27,1.6900958154515549,1.8414654044273588
2018-06-28,1.715598108262491,1.879259226940403
2018-06-29,1.715598108262491,1.8837027753476687
2018-07-03,1.691939133945844,1.8673312742174197
2018-07-04,1.6863989535702288,1.8337321614417055
2018-07-05,1.6789639750827108,1.8085700430940213
2018-07-06,1.682688374173693,1.810167006191038
2018-07-09,1.7029282555214393,1.8212302417051258
2018-07-10,1.7227665977411035,1.846079711117493
2018-07-11,1.7011051009599243,1.8399323000293055
2018-07-12,1.706564623164823,1.8383822068595903
2018-07-13,1.7011051009599243,1.8337321614417055
2018-07-16,1.6863989535702288,1.843010729398847
2018-07-17,1.6620303625532709,1.8085700430940213
2018-07-18,1.6582280766035324,1.7957627786144925
2018-07-19,1.6524974018945473,1.7876510411835118
2018-07-20,1.6695918352538475,1.790909775006809
2018-07-23,1.682688374173693,1.8021869139670617
2018-07-24,1.6974487897568136,1.798980004971285
2018-07-25,1.6992786164338898,1.8337321614417055
2018-07-26,1.6992786164338898,1.830624991103254
2018-07-27,1.6992786164338898,1.829060392044615
2018-07-30,1.7011051009599243,1.836829707170228
2018-07-31,1.7191887763932197,1.852189562321083
2018-08-01,1.6992786164338898,1.8414654044273588
2018-08-02,1.6956156086751528,1.8085700430940213
2018-08-03,1.7029282555214393,1.7957627786144925
2018-08-06,1.7011051009599243,1.8053835715640767
2018-08-07,1.7457155307266483,1.8337321614417055
2018-08-08,1.7613002617433464,1.8491393029972463
2018-08-09,1.7613002617433464,1.8399323000293055
2018-08-10,1.7561322915849038,1.8243815360453102
2018-08-13,1.7526720805200082,1.803794095075361
2018-08-14,1.766441661243765,1.803794095075361
2018-08-15,1.763017000362401,1.784397100044716
2018-08-16,1.7457155307266483,1.761302323596891
2018-08-17,1.7526720805200082,1.761302323596891
2018-08-20,1.7749523509116738,1.7941426272497973
2018-08-21,1.7749523509116738,1.803794095075361
2018-08-22,1.7526720805200082,1.829060392044615
2018-08-23,1.7613002617433464,1.830624991103254
2018-08-24,1.7698546338400052,1.8688229742503826
2018-08-27,1.7850704810772584,1.889601592471757
2018-08-28,1.7749523509116738,1.905615396470979
2018-08-29,1.7749523509116738,1.907064771169223
2018-08-30,1.7715567619105355,1.905615396470979
2018-08-31,1.7578579175523736,1.9085120482203608
2018-09-03,1.7613002617433464,1.905615396470979
2018-09-04,1.7833912195575383,1.9142531700366938
2018-09-05,1.7783364488959144,1.874809956685772
2018-09-06,1.7833912195575383,1.8989017965162864
2018-09-07,1.7783364488959144,1.9296797167238426
2018-09-10,1.7749523509116738,1.9180578499087426
2018-09-11,1.7833912195575383,1.9368670979279659
2018-09-12,1.7867469274045107,1.9510887170957425
2018-09-13,1.8180767775454285,1.9898783661654535
2018-09-14,1.8325814637483102,1.9830633417449999
2018-09-17,1.8341801851120072,1.9748107597016111
2018-09-18,1.8261608959453874,1.98032427410472
2018-09-19,1.8625285401162623,2.004709913554689
2018-09-20,1.8671761085128091,1.9871579272025677
2018-09-21,1.8594181177018698,1.9496756221832559
2018-09-26,1.8870696490323797,1.99799555820854
2018-09-27,1.8931119634883424,2.004709913554689
2018-09-28,1.8991179875485542,2.0415111956447025
2018-10-08,1.8625285401162623,1.967891912912864
2018-10-09,1.9050881545350582,1.988519071782244
2018-10-10,1.916922612182061,1.99799555820854
2018-10-11,1.8625285401162623,1.9595256080128112
2018-10-12,1.8702625307159986,1.9748107597016111
2018-10-15,1.8625285401162623,1.98032427410472
2018-10-16,1.8718021769015913,2.003370644248222
2018-10-18,1.8082887711792655,1.9830633417449999
2018-10-19,1.8261608959453874,1.9454243167722052
2018-10-22,1.8468787684491346,1.9775649501045405
2018-10-23,1.8261608959453874,1.9482605276074902
2018-10-24,1.80005827204275,1.9092621692977931
2018-10-25,1.7967470107390942,1.8793716101673246
2018-10-26,1.7934247485471162,1.895921867429723
2018-10-29,1.791759469228055,1.895921867429723
2018-10-30,1.7950872593207297,1.9077886715211267
2018-10-31,1.801709800081223,1.90038843766996
2018-11-01,1.7884205679625405,1.8989017965162864
2018-11-02,1.801709800081223,1.9092621692977931
2018-11-05,1.7984040119467235,1.904835146340708
2018-11-06,1.8066480817218056,1.9325608711778761
2018-11-07,1.7867469274045107,1.9296797167238426
2018-11-08,1.791759469228055,1.9510887170957425
2018-11-09,1.7749523509116738,1.906312999344395
2018-11-12,1.7783364488959144,1.9209726350504668
2018-11-13,1.7698546338400052,1.889935236282284
2018-11-14,1.742219023667919,1.842267522060804
2018-11-15,1.747459210331475,1.8625285401162623
2018-11-16,1.7457155307266483,1.873284769625347
2018-11-19,1.7526720805200082,1.891435257397169
2018-11-20,1.742219023667919,1.8686952014019391
2018-11-21,1.7263316639055997,1.8438407197632738
2018-11-22,1.728109442151599,1.8516697967813864
2018-11-23,1.7173950539391927,1.8391136822780585
2018-11-26,1.7119945007591924,1.8485455174522358
2018-11-27,1.706564623164823,1.8279962476935299
2018-11-28,1.713797927758343,1.8501088772564807
2018-11-29,1.706564623164823,1.8516697967813864
2018-11-30,1.713797927758343,1.888432961723418
2018-12-03,1.728109442151599,1.9180578499087426
2018-12-04,1.728109442151599,1.9282360206116844
2018-12-05,1.7209792871670078,1.889935236282284
2018-12-06,1.7119945007591924,1.8702273991281675
2018-12-07,1.7083778602890038,1.8485455174522358
2018-12-10,1.713797927758343,1.8516697967813864
2018-12-11,1.7083778602890038,1.845411446401696
2018-12-12,1.7173950539391927,1.845411446401696
2018-12-13,1.7263316639055997,1.8702273991281675
2018-12-14,1.7227665977411035,1.8501088772564807
2018-12-17,1.728109442151599,1.8406918455070878
2018-12-18,1.715598108262491,1.7988125377602122
2018-12-19,1.6937790608678513,1.7755223579183343
2018-12-20,1.6900958154515549,1.7619660194589326
2018-12-21,1.6845453849209058,1.7585480242015799
2018-12-24,1.6882490928583902,1.7602584821659928
2018-12-27,1.6601310267496185,1.7653723718088121
2018-12-28,1.6582280766035324,1.78390268537525
2019-01-02,1.6524974018945473,1.7272323258035354
2019-01-03,1.6582280766035324,1.741280579964712
2019-01-04,1.6695918352538475,1.7922133662012367
2019-01-07,1.673351238177753,1.8167538249072877
2019-01-08,1.6752256529721035,1.8215874908902294
2019-01-09,1.6752256529721035,1.8438407197632738
2019-01-10,1.6789639750827108,1.8516697967813864
2019-01-11,1.682688374173693,1.8516697967813864
2019-01-14,1.673351238177753,1.8037486443174617
2019-01-15,1.6770965609079151,1.8438407197632738
2019-01-16,1.6770965609079151,1.842267522060804
2019-01-17,1.673351238177753,1.8391136822780585
2019-01-18,1.6789639750827108,1.8594380551978207
2019-01-21,1.6845453849209058,1.874809956685772
2019-01-22,1.673351238177753,1.8609844915436953
2019-01-23,1.665818245870208,1.8359498643120495
2019-01-24,1.6695918352538475,1.8501088772564807
2019-01-25,1.6695918352538475,1.8702273991281675
2019-01-28,1.667706820558076,1.8686952014019391
2019-01-29,1.667706820558076,1.8375330245125474
2019-01-30,1.6639260977181702,1.8501088772564807
2019-01-31,1.673351238177753,1.874809956685772
2019-02-01,1.6789639750827108,1.8824011929717999
2019-02-11,1.6789639750827108,1.8578892236821185
2019-02-12,1.6863989535702288,1.8717572528155968
2019-02-13,1.7029282555214393,1.8944285662659224
2019-02-14,1.6992786164338898,1.90038843766996
2019-02-15,1.691939133945844,1.8869284269397975
2019-02-18,1.7083778602890038,1.9165972651448058
2019-02-19,1.7101878155342434,1.9224268478102742
2019-02-20,1.7083778602890038,1.9339983414781063
2019-02-21,1.7011051009599243,1.9354337484231294
2019-02-22,1.7083778602890038,1.9425800389599475
2019-02-25,1.7439688053917064,1.9325608711778761
2019-02-26,1.7369512327330598,1.9180578499087426
2019-02-27,1.742219023667919,1.9165972651448058
2019-02-28,1.742219023667919,1.906312999344395
2019-03-01,1.747459210331475,1.9136696800717714
2019-03-04,1.7526720805200082,1.9224268478102742
2019-03-05,1.747459210331475,1.9077886715211267
2019-03-06,1.7613002617433464,1.8929330318183755
2019-03-07,1.7561322915849038,1.889935236282284
2019-03-08,1.7191887763932197,1.8869284269397975
2019-03-11,1.7263316639055997,1.883912549421761
2019-03-12,1.7316555451583497,1.8929330318183755
2019-03-13,1.7227665977411035,1.885421625119999
2019-03-14,1.7209792871670078,1.9224268478102742
2019-03-15,1.724550719534605,1.9510887170957425
2019-03-18,1.7387102481382397,1.941154860571452
2019-03-19,1.7369512327330598,1.931121331581874
2019-03-20,1.7334238922150915,1.9267902372273122
2019-03-21,1.7404661748405046,1.941154860571452
2019-03-22,1.7334238922150915,1.9468434277009985
2019-03-25,1.7119945007591924,1.904835146340708
2019-03-26,1.7047480922384253,1.9267902372273122
2019-03-27,1.7047480922384253,1.965110914596769
2019-03-28,1.6974487897568136,1.9623221607559262
2019-03-29,1.7119945007591924,1.988519071782244
2019-04-01,1.7227665977411035,2.004709913554689
2019-04-02,1.7191887763932197,1.988519071782244
2019-04-03,1.728109442151599,1.9844300672586157
2019-04-04,1.728109442151599,1.967891912912864
2019-04-08,1.7334238922150915,2.00202957889382
2019-04-09,1.728109442151599,2.011379486848617
2019-04-10,1.7227665977411035,2.003370644248222
2019-04-11,1.713797927758343,1.98032427410472
2019-04-12,1.7173950539391927,1.9898783661654535
2019-04-15,1.713797927758343,1.9912358153752927
2019-04-16,1.728109442151599,2.00202957889382
2019-04-17,1.7227665977411035,1.99799555820854
2019-04-18,1.7209792871670078,1.9912358153752927
2019-04-23,1.724550719534605,2.0060473916175705
2019-04-24,1.7191887763932197,1.9898783661654535
2019-04-25,1.6992786164338898,1.9857949273827875
2019-04-26,1.6882490928583902,1.9692795172058157
2019-04-29,1.6845453849209058,1.9871579272025677
2019-04-30,1.6863989535702288,1.9524998179884054
2019-05-06,1.6770965609079151,1.9018728720020595
2019-05-07,1.6695918352538475,1.9325608711778761
2019-05-08,1.6639260977181702,1.915134543952201
2019-05-09,1.6582280766035324,1.891435257397169
2019-05-10,1.6695918352538475,1.8944285662659224
2019-05-14,1.6601310267496185,1.8793716101673246
2019-05-15,1.667706820558076,1.8929330318183755
2019-05-16,1.6695918352538475,1.9092621692977931
2019-05-17,1.6582280766035324,1.8944285662659224
2019-05-20,1.6620303625532709,1.915134543952201
2019-05-21,1.6620303625532709,1.8944285662659224
2019-05-22,1.6563214983329508,1.891435257397169
2019-05-23,1.6582280766035324,1.874809956685772
2019-05-24,1.6524974018945473,1.874809956685772
2019-05-27,1.6544112780768316,1.8671606524428237
2019-05-28,1.6544112780768316,1.8609844915436953
2019-05-29,1.6505798557652755,1.8594380551978207
2019-05-30,1.6563214983329508,1.8702273991281675
2019-05-31,1.6505798557652755,1.8485455174522358
2019-06-03,1.6486586255873816,1.8438407197632738
2019-06-04,1.6428726885203377,1.8469797097266323
2019-06-05,1.6428726885203377,1.8486034632729096
2019-06-06,1.6331544390514163,1.8306692366068118
2019-06-10,1.6370530794670737,1.8788376773177704
2019-06-11,1.6448050562713916,1.872549589826643
2019-06-12,1.6389967146756448,1.853430131988143
2019-06-13,1.6389967146756448,1.843738828219456
2019-06-14,1.62924053973028,1.8453678484042904
2019-06-17,1.631199404215613,1.8598392128294936
2019-06-18,1.6193882432872684,1.8598392128294936
2019-06-19,1.6213664832993742,1.8989982198976536
2019-06-20,1.6272778305624314,1.9081845462387759
2019-06-21,1.6331544390514163,1.9337189951467009
2019-06-24,1.631199404215613,1.9322411525275627
2019-06-25,1.623340817603092,1.917273727004625
2019-06-26,1.6272778305624314,1.9187738387807112
2019-06-27,1.6272778305624314,1.9322411525275627
2019-06-28,1.6253112615903906,1.9247787307358213
2019-07-02,1.62924053973028,1.9440558594939892
2019-07-03,1.6253112615903906,1.9307477790934062
2019-07-04,1.6272778305624314,1.9232876066761102
2019-07-05,1.6213664832993742,1.9232876066761102
2019-07-08,1.6054298910365616,1.9020651374388198
2019-07-09,1.599387576580599,1.8943870538294825
2019-07-10,1.5933085305042167,1.9081845462387759
2019-07-11,1.5933085305042167,1.9322411525275627
2019-07-12,1.5933085305042167,1.9322411525275627
2019-07-15,1.589235205116581,1.9366814092212845
2019-07-16,1.5871923034867805,1.9292655356940929
2019-07-17,1.5830939370944985,1.911223461655021
2019-07-18,1.572773928062509,1.88819628686484
2019-07-19,1.5769147207285403,1.906654783873086
2019-07-22,1.5602476682433286,1.906654783873086
2019-07-23,1.5602476682433286,1.917273727004625
2019-07-24,1.5644405465033646,1.9081845462387759
2019-07-25,1.5644405465033646,1.917273727004625
2019-07-26,1.5748464676644813,1.9096983445926523
2019-07-29,1.5748464676644813,1.9005397308833725
2019-07-30,1.5748464676644813,1.906654783873086
2019-07-31,1.5706970841176697,1.89283602180548
2019-08-01,1.5623463049002497,1.8835209355480307
2019-08-02,1.541159071680806,1.8469797097266323
2019-08-05,1.5282278570085572,1.8157513485573333
2019-08-06,1.5151272329628591,1.8224057058883836
2019-08-07,1.5216989981260935,1.8124074907118348
2019-08-08,1.5173226235262947,1.809052413956116
2019-08-09,1.5173226235262947,1.7989191110484795
2019-08-12,1.5195132049061133,1.7921060758197165
2019-08-13,1.5107219394949427,1.7713839578651303
2019-08-14,1.5107219394949427,1.7731194857994854
2019-08-15,1.5040773967762742,1.7608596148445814
2019-08-16,1.5040773967762742,1.7643800504042888
2019-08-19,1.5173226235262947,1.7713839578651303
2019-08-20,1.5195132049061133,1.7852463045455809
2019-08-21,1.5173226235262947,1.7835162537572438
2019-08-22,1.5129270120532565,1.7748676015578368
2019-08-23,1.5085119938441398,1.7713839578651303
2019-08-26,1.4996230464268938,1.7249399485879822
2019-08-27,1.5040773967762742,1.7249399485879822
2019-08-28,1.5040773967762742,1.7340456070375818
2019-08-29,1.5040773967762742,1.739456542526268
2019-08-30,1.5085119938441398,1.7921060758197165
2019-09-02,1.5151272329628591,1.7800626608371175
2019-09-03,1.5129270120532565,1.7696297363207671
2019-09-04,1.5195132049061133,1.7955183956040048
2019-09-05,1.5260563034950492,1.804006171302411
2019-09-06,1.5303947050936475,1.817426566203842
2019-09-09,1.541159071680806,1.8190840622715823
2019-09-10,1.545432582458188,1.8306692366068118
2019-09-11,1.541159071680806,1.8404874092393821
2019-09-12,1.534714366238164,1.8363018943555818
2019-09-16,1.5686159179138452,1.9076384711398817
2019-09-17,1.556037135706985,1.9138732617528378
2019-09-18,1.541159071680806,1.899783035816001
2019-09-19,1.545432582458188,1.891865403722928
2019-09-20,1.5496879080283263,1.891865403722928
2019-09-23,1.547562508716013,1.879062525897253
2019-09-24,1.5432981099295553,1.8854914346099294
2019-09-25,1.5260563034950492,1.8677292785154342
2019-09-26,1.5173226235262947,1.8611990853542029
2019-09-27,1.5195132049061133,1.841319495707595
2019-09-30,1.5325568680981427,1.841319495707595
2019-10-08,1.5195132049061133,1.8055801882453666
2019-10-09,1.5173226235262947,1.7986145858009834
2019-10-10,1.5151272329628591,1.8021110397058508
2019-10-11,1.5282278570085572,1.8479948646249207
2019-10-14,1.5260563034950492,1.841319495707595
2019-10-15,1.5195132049061133,1.8295477466785919
2019-10-16,1.5151272329628591,1.8329231653616638
2019-10-17,1.5195132049061133,1.839654629826649
2019-10-18,1.5107219394949427,1.8346139568341457
2019-10-21,1.5107219394949427,1.8446700218149492
2019-10-22,1.5129270120532565,1.839654629826649
2019-10-23,1.5085119938441398,1.8363018943555818
2019-10-24,1.5107219394949427,1.8496459142852486
2019-10-25,1.5107219394949427,1.8513086894780395
2019-10-28,1.5129270120532565,1.8595526880861217
2019-10-29,1.506297153514587,1.8513086894780395
2019-10-30,1.4973884086254774,1.8346139568341457
2019-10-31,1.4816045409242156,1.8244557392880258
2019-11-01,1.4816045409242156,1.841319495707595
2019-11-04,1.4816045409242156,1.8660936062807585
2019-11-05,1.4838746894587547,1.8870817701710398
2019-11-06,1.4747630091074988,1.8838845820876053
2019-11-07,1.4701758451005926,1.8886834975931135
2019-11-08,1.4655675420143985,1.9013645639014605
2019-11-11,1.4445632692438664,1.8709784531189049
2019-11-12,1.43746264769429,1.879062525897253
2019-11-13,1.425515074273172,1.8546115691564102
2019-11-14,1.4327007339340465,1.8429961620137651
2019-11-15,1.4134230285081433,1.839654629826649
2019-11-18,1.4182774069729414,1.8496459142852486
2019-11-19,1.4206957878372228,1.8463265655399819
2019-11-20,1.4182774069729414,1.8312442500764958
2019-11-21,1.4327007339340465,1.8176357712255258
2019-11-22,1.4327007339340465,1.8329231653616638
2019-11-25,1.451613827240533,1.8379723467917881
2019-11-26,1.4422019930581866,1.8346139568341457
2019-11-27,1.4422019930581866,1.8379723467917881
2019-11-28,1.4350845252893227,1.8227625354614467
2019-11-29,1.430311246536665,1.7898503146182767
2019-12-02,1.425515074273172,1.7898503146182767
2019-12-03,1.4279160358107101,1.7880974388388708
2019-12-04,1.4279160358107101,1.7720879133416427
2019-12-05,1.43746264769429,1.7845669986465504
2019-12-06,1.4398351280479205,1.7845669986465504
2019-12-09,1.4398351280479205,1.7863260683364928
2019-12-10,1.4398351280479205,1.7827893578028142
2019-12-11,1.4398351280479205,1.7898503146182767
2019-12-12,1.43746264769429,1.7986145858009834
2019-12-13,1.4469189829363254,1.8261608959453874
2019-12-16,1.4609379041156563,1.8227625354614467
2019-12-17,1.4747630091074988,1.8496459142852486
2019-12-18,1.4701758451005926,1.8838845820876053
2019-12-19,1.4701758451005926,1.8838845820876053
2019-12-20,1.4678743481123135,1.8854914346099294
2019-12-23,1.451613827240533,1.8981990025368995
2019-12-24,1.4539530095937054,1.8950372174307748
2019-12-27,1.463255402256019,1.912325000520849
2019-12-30,1.4701758451005926,1.918530730231547
2019-12-31,1.472472057360943,1.9216192129250074
2020-01-02,1.47932922708708,1.92316660722046
2020-01-03,1.4929040961781488,1.943001924266139
2020-01-06,1.5390154481375546,1.9786085391270292
2020-01-07,1.5195132049061133,1.9727657169377029
2020-01-08,1.5390154481375546,1.9727657169377029
2020-01-09,1.5107219394949427,1.9756913953476878
2020-01-10,1.4996230464268938,1.9654074076023507
2020-01-13,1.4951487660319727,1.9800702768211254
2020-01-14,1.4929040961781488,1.9654074076023507
2020-01-15,1.47932922708708,1.941484943689377
2020-01-16,1.472472057360943,1.9579945519339923
2020-01-17,1.4747630091074988,1.9639240627107144
2020-01-20,1.4747630091074988,1.9490207347349986
2020-01-21,1.4655675420143985,1.9247116107857332
2020-01-22,1.4562867329399256,1.9505263351974642
2020-01-23,1.4398351280479205,1.9247116107857332
2020-02-03,1.3428648031925547,1.8176357712255258
2020-02-04,1.3506671834767394,1.8278631499922264
2020-02-05,1.358409157630355,1.8446700218149492
2020-02-06,1.3711807233098425,1.8934594934542535
2020-02-07,1.3737155789130306,1.8660936062807585
2020-02-10,1.3737155789130306,1.8595526880861217
2020-02-11,1.3762440252663892,1.8709784531189049
2020-02-12,1.3787660946990992,1.8806771391972203
2020-02-13,1.3737155789130306,1.8726061613118012
2020-02-14,1.3737155789130306,1.8726061613118012
2020-02-17,1.3912819026309295,1.8660936062807585
2020-02-18,1.3862943611198906,1.8446700218149492
2020-02-19,1.3812818192963463,1.8513086894780395
2020-02-20,1.3912819026309295,1.8628284951252603
2020-02-21,1.3887912413184778,1.8595526880861217
2020-02-24,1.3737155789130306,1.8227625354614467
2020-02-25,1.355835153635182,1.807302711411595
2020-02-26,1.3609765531356006,1.7898503146182767
2020-02-27,1.3506671834767394,1.7738846624911238
2020-02-28,1.332366019094335,1.7281314667758403
2020-03-02,1.3506671834767394,1.7703035960737452
2020-03-03,1.355835153635182,1.7630869807610572
2020-03-04,1.3532545070416904,1.7485276289160532
2020-03-05,1.366091653802371,1.7630869807610572
2020-03-06,1.358409157630355,1.7224944178463737
2020-03-09,1.3480731482996928,1.5333694967892741
2020-03-10,1.3480731482996928,1.5625232284517097
2020-03-11,1.3428648031925547,1.5021733630317173
2020-03-12,1.332366019094335,1.4151694345265071
2020-03-13,1.3270750014599193,1.430404065195387
2020-03-16,1.324418957401803,1.37732424969465
2020-03-17,1.3190856114264407,1.3612288290036754
2020-03-18,1.308332819650179,1.2869103947033338
2020-03-19,1.2947271675944,1.2160468191591776
2020-03-20,1.3001916620664788,1.324062510903574
2020-03-23,1.2809338454620642,1.2722473378699544
2020-03-24,1.2864740258376797,1.322666358667676
2020-03-25,1.2892326482767593,1.3944658831074521
2020-03-26,1.275362800412609,1.3852758426059626
2020-03-27,1.264126727145683,1.4100167470950409
2020-03-30,1.2383742310432684,1.383939590823213
2020-03-31,1.2383742310432684,1.4553118989692915
2020-04-01,1.2237754316221157,1.4429355301006672
2020-04-02,1.2584609896100056,1.5149953561356244
2020-04-03,1.2412685890696329,1.5068530965106133
2020-04-07,1.2499017362143359,1.5503000348655138
2020-04-08,1.244154593958768,1.5196357356921266
2020-04-09,1.247032293786383,1.5480526013669456
2020-04-14,1.2325602611778486,1.5207824209923413
2020-04-15,1.2237754316221157,1.4675369640157592
2020-04-16,1.220829921392359,1.4832114310027331
2020-04-17,1.2237754316221157,1.4867955895417468
2020-04-20,1.2237754316221157,1.5021733630317173
2020-04-21,1.2149127443642704,1.472402330159416
2020-04-22,1.2029723039923526,1.468766116267487
2020-04-23,1.2237754316221157,1.4927476794513084
2020-04-24,1.208960345836975,1.5010051266281903
2020-04-27,1.2029723039923526,1.503340236251316
2020-04-28,1.1817271953786161,1.5173182375517642
2020-04-29,1.184789984909162,1.5333694967892741
2020-05-06,1.205970806988609,1.513842011815471
2020-05-07,1.2029723039923526,1.5080348888972306
2020-05-08,1.205970806988609,1.5265161977274835
2020-05-11,1.205970806988609,1.5288125016887661
2020-05-12,1.1969481893889715,1.5021733630317173
2020-05-13,1.1969481893889715,1.503340236251316
2020-05-14,1.1908875647772805,1.482020817905293
2020-05-15,1.1939224684724346,1.4903669477530772
2020-05-18,1.199964782928397,1.5658345535034617
2020-05-19,1.2029723039923526,1.5919189475947517
2020-05-20,1.1969481893889715,1.575703243384463
2020-05-21,1.2029723039923526,1.5647384100873931
2020-05-22,1.184789984909162,1.513842011815471
2020-05-25,1.1755733298042381,1.5253760721901852
2020-05-26,1.1786549963416462,1.5390514989898607
2020-05-27,1.169381359556317,1.5458001055316457
2020-05-28,1.1662709371419244,1.5345005502777123
2020-05-29,1.1568811967920856,1.5149953561356244
2020-06-01,1.1662709371419244,1.5603031288902325
2020-06-02,1.169381359556317,1.5713164348999138
2020-06-03,1.1755733298042381,1.6162991204208763
2020-06-04,1.172482137234565,1.6217845777039086
2020-06-05,1.1662709371419244,1.6412582331837329
2020-06-08,1.1755733298042381,1.6624735280980292
2020-06-09,1.1786549963416462,1.6645652873323509
2020-06-10,1.172482137234565,1.6593101576093225
2020-06-11,1.1631508098056809,1.6337261505932241
2020-06-12,1.1568811967920856,1.5861725608220332
2020-06-15,1.1505720275988207,1.5609407053485511
2020-06-16,1.1600209167967532,1.6019056157784872
2020-06-17,1.1568811967920856,1.6041463367093434
2020-06-18,1.1662709371419244,1.590701068988489
2020-06-19,1.1662709371419244,1.5974462995817222
2020-06-22,1.1600209167967532,1.5940700291084304
2020-06-23,1.1568811967920856,1.6030173446311777
2020-06-24,1.1568811967920856,1.582776843704553
2020-06-29,1.1537315878891892,1.5586202943683118
2020-06-30,1.1568811967920856,1.5621181866400713
2020-07-02,1.1878434223960523,1.6041463367093434
2020-07-03,1.2119409739751128,1.6052555786562863
2020-07-06,1.275362800412609,1.626136904905093
2020-07-07,1.2725655957915476,1.5940700291084304
2020-07-08,1.2669476034873244,1.5895755553541326
2020-07-09,1.2809338454620642,1.582776843704553
2020-07-10,1.2499017362143359,1.5678889870969825
2020-07-13,1.2584609896100056,1.5918253172659473
2020-07-14,1.2412685890696329,1.5736457470879623
2020-07-15,1.2267122912954254,1.583910031103899
2020-07-16,1.208960345836975,1.566737488102054
2020-07-17,1.2029723039923526,1.5609407053485511
2020-07-20,1.2267122912954254,1.5539632567480572
2020-07-21,1.220829921392359,1.5597811728966702
2020-07-22,1.252762968495368,1.5770725595110138
2020-07-23,1.2383742310432684,1.5655846616284528
2020-07-24,1.2296405510745139,1.5504366722204275
2020-07-27,1.220829921392359,1.5586202943683118
2020-07-28,1.220829921392359,1.5609407053485511
2020-07-29,1.2296405510745139,1.5504366722204275
2020-07-30,1.220829921392359,1.5410040275421704
2020-07-31,1.2178757094949273,1.512160198302938
2020-08-03,1.2237754316221157,1.506037252781011
2020-08-04,1.235471471385307,1.5350556872918502
2020-08-05,1.2296405510745139,1.5504366722204275
2020-08-06,1.235471471385307,1.5644305046119407
2020-08-07,1.2178757094949273,1.5469171941623787
2020-08-10,1.220829921392359,1.5492648886319307
2020-08-11,1.2178757094949273,1.5793695563920658
2020-08-12,1.220829921392359,1.592948303028464
2020-08-13,1.220829921392359,1.6041463367093434
2020-08-14,1.2237754316221157,1.6030173446311777
2020-08-17,1.2383742310432684,1.6019056157784872
2020-08-18,1.235471471385307,1.609680283059967
2020-08-19,1.2325602611778486,1.6041463367093434
2020-08-20,1.220829921392359,1.6052555786562863
2020-08-21,1.220829921392359,1.6063635915487253
2020-08-24,1.220829921392359,1.6041463367093434
2020-08-25,1.2178757094949273,1.6195830757913319
2020-08-26,1.2119409739751128,1.6217845777039086
2020-08-27,1.2119409739751128,1.5861725608220332
2020-08-28,1.2178757094949273,1.5770725595110138
2020-08-31,1.2119409739751128,1.5850419358429204
2020-09-01,1.208960345836975,1.5736457470879623
2020-09-02,1.1939224684724346,1.5632750139776577
2020-09-03,1.184789984909162,1.5620796026717054
2020-09-04,1.184789984909162,1.5549352630454258
2020-09-07,1.1786549963416462,1.542893754684718
2020-09-08,1.184789984909162,1.5477199431310755
2020-09-09,1.1786549963416462,1.5294904002293315
2020-09-10,1.169381359556317,1.522108521246952
2020-09-11,1.169381359556317,1.5245752072132512
2020-09-14,1.172482137234565,1.522108521246952
2020-09-15,1.169381359556317,1.522108521246952
2020-09-16,1.172482137234565,1.5331709343804567
2020-09-17,1.1662709371419244,1.5549352630454258
2020-09-18,1.1755733298042381,1.5465253753343895
2020-09-21,1.172482137234565,1.5233325975734526
2020-09-22,1.1662709371419244,1.499609653480066
2020-09-23,1.1600209167967532,1.4843172219123104
2020-09-24,1.1568811967920856,1.4477054970823802
2020-09-25,1.1537315878891892,1.4383392230098182
2020-09-28,1.1568811967920856,1.4396919898420508
2020-09-29,1.1537315878891892,1.4450414567807726
2020-09-30,1.1600209167967532,1.4396919898420508
2020-10-09,1.1631508098056809,1.4661789024396348
2020-10-12,1.1755733298042381,1.464861519166857
2020-10-14,1.1600209167967532,1.4329536852327251
2020-10-15,1.1600209167967532,1.4179809950085143
2020-10-16,1.1600209167967532,1.4165985165846562
2020-10-19,1.1600209167967532,1.4342918302372196
2020-10-20,1.1568811967920856,1.4138501878708634
2020-10-21,1.1600209167967532,1.426169667672465
2020-10-22,1.1568811967920856,1.3985865022491222
2020-10-23,1.1600209167967532,1.468787295304477
2020-10-27,1.1568811967920856,1.4275389863192176
2020-10-28,1.1537315878891892,1.4138501878708634
2020-10-29,1.144222799920162,1.3985865022491222
2020-10-30,1.1505720275988207,1.3830862205355947
2020-11-02,1.1474024528375417,1.381654614121328
2020-11-03,1.1600209167967532,1.4179809950085143
2020-11-04,1.1600209167967532,1.4124843886101304
2020-11-05,1.1600209167967532,1.4234475538095774
2020-11-06,1.1631508098056809,1.4207180098125354
2020-11-09,1.1755733298042381,1.4302500006420344
2020-11-10,1.1817271953786161,1.5609020759206482
2020-11-11,1.1969481893889715,1.6107650314220034
2020-11-12,1.184789984909162,1.6175227419449176
2020-11-13,1.1755733298042381,1.5762359780381325
2020-11-16,1.1908875647772805,1.5924992600437633
2020-11-17,1.199964782928397,1.6130226794721487
2020-11-18,1.1939224684724346,1.6152752420266796
2020-11-19,1.1908875647772805,1.6130226794721487
2020-11-20,1.1908875647772805,1.6005327791715784
2020-11-23,1.205970806988609,1.6485039982485756
2020-11-24,1.2119409739751128,1.644123743149226
2020-11-25,1.205970806988609,1.6848703784869645
2020-11-26,1.2029723039923526,1.6932303809587914
2020-11-27,1.2029723039923526,1.6774890072552586
2020-11-30,1.205970806988609,1.5270358236085495
2020-12-01,1.2029723039923526,1.4791743175949188
2020-12-02,1.2029723039923526,1.4726977199706155
2020-12-03,1.2029723039923526,1.4726977199706155
2020-12-04,1.2029723039923526,1.4329536852327251
2020-12-07,1.1908875647772805,1.401377043450823
2020-12-08,1.1817271953786161,1.3615353713266014
2020-12-09,1.1755733298042381,1.3350652751972483
2020-12-10,1.1786549963416462,1.3109305237744229
2020-12-11,1.184789984909162,1.3702208719369215
2020-12-14,1.1786549963416462,1.4041598191971234
2020-12-15,1.169381359556317,1.3773938689931478
2020-12-16,1.169381359556317,1.3773938689931478
2020-12-17,1.184789984909162,1.3887463525304427
2020-12-18,1.1939224684724346,1.4124843886101304
2020-12-21,1.1908875647772805,1.4124843886101304
2020-12-22,1.1662709371419244,1.4138501878708634
2020-12-23,1.1662709371419244,1.4110942850253676
2020-12-24,1.169381359556317,1.424820602414173
2020-12-28,1.1662709371419244,1.4463851934372327
2020-12-29,1.1631508098056809,1.4302500006420344
2020-12-30,1.1631508098056809,1.406934872587186
2020-12-31,1.169381359556317,1.4027807113290163
2021-01-04,1.1786549963416462,1.3844927391732624
2021-01-05,1.1755733298042381,1.3859202911644477
2021-01-06,1.1908875647772805,1.4275389863192176
2021-01-07,1.1908875647772805,1.4124843886101304
2021-01-08,1.2029723039923526,1.3943746276605793
2021-01-11,1.184789984909162,1.3999714025192813
2021-01-12,1.205970806988609,1.4193393126850986
2021-01-13,1.2178757094949273,1.4726977199706155
2021-01-14,1.2119409739751128,1.5331709343804567
2021-01-15,1.199964782928397,1.522108521246952
2021-01-18,1.1908875647772805,1.5416934042744483
2021-01-19,1.1939224684724346,1.5632750139776577
2021-01-20,1.1969481893889715,1.5620796026717054
2021-01-21,1.1908875647772805,1.542893754684718
2021-01-22,1.1755733298042381,1.4855884129392514
2021-01-25,1.169381359556317,1.4843172219123104
2021-01-26,1.169381359556317,1.459617310938479
2021-01-27,1.169381359556317,1.518386969190143
2021-01-28,1.1631508098056809,1.5008615648604933
2021-01-29,1.1537315878891892,1.4622428527637215
2021-02-01,1.1505720275988207,1.494524355881887
2021-02-02,1.1537315878891892,1.5319389666532048
2021-02-03,1.1537315878891892,1.566814295967217
2021-02-04,1.1537315878891892,1.5656423345270127
2021-02-05,1.1537315878891892,1.5738936329092095
2021-02-08,1.1600209167967532,1.5820774041728294
2021-02-09,1.172482137234565,1.6152752420266796
2021-02-10,1.1817271953786161,1.605089270783073
2021-02-18,1.2237754316221157,1.7459786723671202
2021-02-19,1.208960345836975,1.7250219097548274
2021-02-22,1.2383742310432684,1.7400380130168729
2021-02-23,1.244154593958768,1.7732756918668469
2021-02-24,1.2178757094949273,1.6974011695753717
2021-02-25,1.2325602611778486,1.7199605215320704
2021-02-26,1.2178757094949273,1.6561016268347402
2021-03-01,1.220829921392359,1.6452250452837354
2021-03-02,1.1969481893889715,1.6107650314220034
2021-03-03,1.205970806988609,1.646325135885994
2021-03-04,1.2119409739751128,1.6386525777974386
2021-03-05,1.2325602611778486,1.6625607721458593
2021-03-08,1.252762968495368,1.6827694117822507
2021-03-09,1.244154593958768,1.6571722813525864
2021-03-10,1.2237754316221157,1.6309206961041858
2021-03-11,1.235471471385307,1.6614784075976101
2021-03-12,1.2383742310432684,1.6264806563219296
2021-03-15,1.252762968495368,1.6419353054068762
2021-03-16,1.244154593958768,1.636452120717415
2021-03-17,1.235471471385307,1.6231285662825297
2021-03-18,1.2296405510745139,1.6028136201770566
2021-03-19,1.208960345836975,1.5549352630454258
2021-03-22,1.2178757094949273,1.552542428730876
2021-03-23,1.208960345836975,1.542893754684718
2021-03-24,1.1969481893889715,1.5245752072132512
2021-03-25,1.199964782928397,1.5208628407836953
2021-03-26,1.2029723039923526,1.5537298345835628
2021-03-29,1.2029723039923526,1.545309760416936
2021-03-30,1.2029723039923526,1.5392488972810325
2021-03-31,1.2029723039923526,1.5270358236085495
2021-04-01,1.199964782928397,1.5245752072132512
2021-04-07,1.1969481893889715,1.5282538870385365
2021-04-08,1.1939224684724346,1.4881467304218292
2021-04-09,1.1969481893889715,1.499609653480066
2021-04-12,1.199964782928397,1.5084013682563284
2021-04-13,1.1908875647772805,1.499609653480066
2021-04-14,1.1908875647772805,1.5171366413203957
2021-04-15,1.1969481893889715,1.5331709343804567
2021-04-16,1.205970806988609,1.5632750139776577
2021-04-19,1.2029723039923526,1.5585041323609021
2021-04-20,1.1969481893889715,1.5549352630454258
2021-04-21,1.1878434223960523,1.5392488972810325
2021-04-22,1.172482137234565,1.5343815522410396
2021-04-23,1.172482137234565,1.5331709343804567
2021-04-26,1.172482137234565,1.5319389666532048
2021-04-27,1.1662709371419244,1.5319389666532048
2021-04-28,1.172482137234565,1.5282538870385365
2021-04-29,1.1817271953786161,1.5404718977293597
2021-04-30,1.1908875647772805,1.5404718977293597
2021-05-06,1.2237754316221157,1.5878661050613627
2021-05-07,1.235471471385307,1.5970924194688851
2021-05-10,1.2669476034873244,1.6419353054068762
2021-05-11,1.264126727145683,1.6062159274105385
2021-05-12,1.2919836816486494,1.609625094914367
2021-05-13,1.2919836816486494,1.5867185716616752
2021-05-14,1.2809338454620642,1.5832302727695673
2021-05-17,1.2837077723447896,1.5762359780381325
2021-05-18,1.3297240096314962,1.607359754559084
2021-05-20,1.2837077723447896,1.5715457883154182
2021-05-21,1.2919836816486494,1.5644497514819191
2021-05-24,1.275362800412609,1.5691732625684542
2021-05-25,1.297463147413275,1.578572849405295
2021-05-26,1.2892326482767593,1.5750559695269575
2021-05-27,1.2809338454620642,1.566814295967217
2021-05-28,1.2864740258376797,1.5715457883154182
2021-05-31,1.275362800412609,1.5632750139776577
2021-06-01,1.2947271675944,1.5959367809432545
2021-06-02,1.2947271675944,1.6039428421521207
2021-06-03,1.3029127521808397,1.6062897622052192
2021-06-04,1.2919836816486494,1.6027765749077332
2021-06-07,1.3029127521808397,1.6259740340341882
2021-06-08,1.297463147413275,1.6305604525756672
2021-06-09,1.332366019094335,1.659800173544645
2021-06-10,1.3376291891386096,1.659800173544645
2021-06-11,1.3912819026309295,1.6730269829860784
2021-06-15,1.3987168811184478,1.6486632409613462
2021-06-16,1.415853163361435,1.6464138001587834
2021-06-17,1.3987168811184478,1.63965281007759
2021-06-18,1.3837912309017721,1.6190729460615694
2021-06-21,1.3762440252663892,1.6202203722194601
2021-06-22,1.4279160358107101,1.6475302969562893
2021-06-23,1.4279160358107101,1.6531293860585254
2021-06-24,1.430311246536665,1.6542384141883557
2021-06-25,1.4327007339340465,1.6795667784348842
2021-06-28,1.423108334242607,1.667538504506932
2021-06-29,1.4182774069729414,1.6385096057660986
2021-06-30,1.4279160358107101,1.6385096057660986
2021-07-02,1.415853163361435,1.6486632409613462
2021-07-05,1.4085449700547104,1.6564703422169824
2021-07-06,1.4206957878372228,1.670831744215034
2021-07-07,1.3962446919730587,1.6464138001587834
2021-07-08,1.3686394258811698,1.588599084467388
2021-07-09,1.3686394258811698,1.5897819943755942
2021-07-12,1.358409157630355,1.5850042263193758
2021-07-13,1.3609765531356006,1.587395963728221
2021-07-14,1.3480731482996928,1.5766163291067499
2021-07-15,1.3428648031925547,1.5681383038744163
2021-07-16,1.33500106673234,1.5546826322833724
2021-07-19,1.3190856114264407,1.537292935421037
2021-07-20,1.308332819650179,1.5195954772328124
2021-07-21,1.3056264580524357,1.5195954772328124
2021-07-22,1.3190856114264407,1.5534574398429883
2021-07-23,1.3110318766193438,1.550983035018908
2021-07-26,1.2947271675944,1.5246953778557077
2021-07-27,1.308332819650179,1.5106380507666688
2021-07-28,1.297463147413275,1.5067511524370438
2021-07-29,1.297463147413275,1.5131939367781053
2021-07-30,1.3056264580524357,1.5015791676878882
2021-08-02,1.3029127521808397,1.514489667123584
2021-08-03,1.2837077723447896,1.514489667123584
2021-08-04,1.2892326482767593,1.515763514009617
2021-08-05,1.2781522025001875,1.5208628407836953
2021-08-06,1.2781522025001875,1.550983035018908
2021-08-09,1.275362800412609,1.5485220482107127
2021-08-10,1.2781522025001875,1.5485220482107127
2021-08-11,1.2892326482767593,1.557147910972723
2021-08-12,1.2892326482767593,1.5681383038744163
2021-08-13,1.2781522025001875,1.571775089139995
2021-08-16,1.2892326482767593,1.571775089139995
2021-08-17,1.2725655957915476,1.5485220482107127
2021-08-18,1.275362800412609,1.571775089139995
2021-08-19,1.252762968495368,1.5534574398429883
2021-08-20,1.244154593958768,1.527215631214896
2021-08-23,1.2499017362143359,1.5131939367781053
2021-08-24,1.2669476034873244,1.518326505433108
2021-08-25,1.2892326482767593,1.515763514009617
2021-08-26,1.297463147413275,1.5054657658790405
2021-08-27,1.3164082336557241,1.5067511524370438
2021-08-30,1.3428648031925547,1.514489667123584
2021-08-31,1.358409157630355,1.5106380507666688
2021-09-01,1.358409157630355,1.5322769153081055
2021-09-02,1.3635373739972745,1.5361848362910901
2021-09-03,1.3812818192963463,1.5400972661948054
2021-09-06,1.3737155789130306,1.549147634718447
2021-09-07,1.3962446919730587,1.5542744015690337
2021-09-08,1.4036429994545037,1.5439748039973944
2021-09-09,1.423108334242607,1.561925251909292
2021-09-10,1.4085449700547104,1.5870196914531665
2021-09-13,1.4655675420143985,1.6139206499361172
2021-09-14,1.5040773967762742,1.607875893116875
2021-09-15,1.5518087995974639,1.6054403327491151
2021-09-16,1.545432582458188,1.6066588544270999
2021-09-17,1.5238800240724537,1.5870196914531665
2021-09-23,1.5748464676644813,1.5820584936103343
2021-09-24,1.5706970841176697,1.5870196914531665
2021-09-27,1.6094379124341003,1.6365774800062547
2021-09-28,1.6544112780768316,1.6927564793860472
2021-09-29,1.5830939370944985,1.6656443177021028
2021-09-30,1.5769147207285403,1.662194295984522
2021-10-08,1.6213664832993742,1.6849215664748611
2021-10-11,1.601405740736836,1.6849215664748611
2021-10-12,1.5748464676644813,1.6610416386327098
2021-10-15,1.5665304114228238,1.659905145727113
2021-10-18,1.5769147207285403,1.673631123959169
2021-10-19,1.5686159179138452,1.673631123959169
2021-10-20,1.5496879080283263,1.6506428096377657
2021-10-21,1.556037135706985,1.6610416386327098
2021-10-22,1.5238800240724537,1.6447988786461325
2021-10-25,1.5602476682433286,1.6575932084507212
2021-10-26,1.5496879080283263,1.645970400160387
2021-10-27,1.5432981099295553,1.6412938799951293
2021-10-28,1.47932922708708,1.631856722381261
2021-10-29,1.4861396960896067,1.6483093338228845
2021-11-01,1.4655675420143985,1.6436437644723965
2021-11-02,1.4469189829363254,1.6354128244782218
2021-11-03,1.4279160358107101,1.628287929278241
2021-11-04,1.4085449700547104,1.6199290871038905
2021-11-05,1.3737155789130306,1.5981164660314666
2021-11-08,1.3787660946990992,1.6042203244644038
2021-11-09,1.3635373739972745,1.6005699076546986
2021-11-10,1.3635373739972745,1.6030173446311777
2021-11-11,1.355835153635182,1.5944436583604746
2021-11-12,1.355835153635182,1.5968874842556406
2021-11-15,1.355835153635182,1.5932101516814392
2021-11-16,1.3454723665996355,1.5993439392648687
2021-11-17,1.358409157630355,1.5932101516814392
2021-11-18,1.3454723665996355,1.585795827845908
2021-11-19,1.358409157630355,1.5907385643015794
2021-11-22,1.3635373739972745,1.5733024190919143
2021-11-23,1.366091653802371,1.5670062898240034
2021-11-24,1.3837912309017721,1.572042540331747
2021-11-25,1.366091653802371,1.572042540331747
2021-11-26,1.3454723665996355,1.5504366722204275
2021-11-29,1.3402504226184837,1.5465645641264
2021-11-30,1.33500106673234,1.5348772840008271
2021-12-01,1.366091653802371,1.5504366722204275
2021-12-02,1.3711807233098425,1.5529903047351303
2021-12-03,1.3762440252663892,1.541398015294248
2021-12-06,1.3711807233098425,1.5426970746431743
2021-12-07,1.3862943611198906,1.549147634718447
2021-12-08,1.3962446919730587,1.5465645641264
2021-12-09,1.4085449700547104,1.5452705224188537
2021-12-10,1.3862943611198906,1.5452705224188537
2021-12-13,1.3862943611198906,1.5465645641264
2021-12-14,1.366091653802371,1.5374906811207125
2021-12-15,1.358409157630355,1.5400972661948054
2021-12-16,1.3812818192963463,1.5465645641264
2021-12-17,1.3812818192963463,1.5631979337756692
2021-12-20,1.3635373739972745,1.5555568516126708
2021-12-21,1.3737155789130306,1.5517240502436271
2021-12-22,1.3711807233098425,1.561925251909292
2021-12-23,1.3987168811184478,1.5808096051478202
2021-12-24,1.3812818192963463,1.5907385643015794
2021-12-28,1.3787660946990992,1.5993439392648687
2021-12-29,1.3762440252663892,1.5944436583604746
2021-12-30,1.3737155789130306,1.5820584936103343
2021-12-31,1.3762440252663892,1.5820584936103343
2022-01-04,1.3812818192963463,1.6030173446311777
2022-01-05,1.3862943611198906,1.6271135734580406
2022-01-06,1.3887912413184778,1.6436437644723965
2022-01-07,1.4469189829363254,1.649476752368843
2022-01-10,1.451613827240533,1.6436437644723965
2022-01-11,1.4398351280479205,1.6471405508178147
2022-01-12,1.4562867329399256,1.7126354505416452
2022-01-13,1.4861396960896067,1.7224122492528071
2022-01-14,1.449269160281279,1.7180806357503893
2022-01-17,1.4562867329399256,1.7288828552463442
2022-01-18,1.4861396960896067,1.7342567608314194
2022-01-19,1.4883995840570443,1.7427631838170994
2022-01-20,1.4701758451005926,1.7299599491555535
2022-01-21,1.4279160358107101,1.726741544305962
2022-01-24,1.451613827240533,1.7342567608314194
2022-01-25,1.4206957878372228,1.7224122492528071
2022-01-26,1.4469189829363254,1.7406514208392998
2022-01-27,1.4398351280479205,1.7299599491555535
2022-01-28,1.3962446919730587,1.7331842875404526
2022-02-07,1.4861396960896067,1.7914160769423388
2022-02-08,1.4951487660319727,1.7802332973894321
2022-02-09,1.4861396960896067,1.7873584656699952
2022-02-10,1.4929040961781488,1.7873584656699952
2022-02-11,1.541159071680806,1.7964497858092883
2022-02-14,1.545432582458188,1.7974565433725476
2022-02-15,1.5151272329628591,1.7710083122197677
2022-02-16,1.5129270120532565,1.7832997868062632
2022-02-17,1.5238800240724537,1.7843198638641613
2022-02-18,1.5129270120532565,1.788374413051265
2022-02-21,1.501852701754163,1.8014582833050157
2022-02-22,1.541159071680806,1.807438573798302
2022-02-23,1.5195132049061133,1.803460741535696
2022-02-24,1.5602476682433286,1.8133833129194132
2022-02-25,1.5303947050936475,1.7812565057015766
2022-02-28,1.536867219599265,1.7984622883943138
2022-03-01,1.5303947050936475,1.803460741535696
2022-03-02,1.5496879080283263,1.836829707170228
2022-03-03,1.5644405465033646,1.8634994971563041
2022-03-04,1.5432981099295553,1.8426027623802357
2022-03-07,1.5665304114228238,1.8653673639829624
2022-03-08,1.55814461804655,1.8192929208601591
2022-03-09,1.5325568680981427,1.8133833129194132
2022-03-10,1.5173226235262947,1.8114156805771848
2022-03-11,1.5040773967762742,1.7802332973894321
2022-03-14,1.4816045409242156,1.7470054488607234
2022-03-15,1.3937663759585917,1.6871712478667953
2022-03-16,1.4085449700547104,1.7169906633872265
2022-03-17,1.4182774069729414,1.752267145858725
2022-03-18,1.4422019930581866,1.7853234692072908
2022-03-21,1.4327007339340465,1.7934234174314216
2022-03-22,1.4609379041156563,1.836829707170228
2022-03-23,1.4562867329399256,1.8212600173456763
2022-03-24,1.4609379041156563,1.8348930300192274
2022-03-25,1.4655675420143985,1.8271233955569526
2022-03-28,1.4996230464268938,1.8634994971563041
2022-03-29,1.5107219394949427,1.8894764473380015
2022-03-30,1.4951487660319727,1.907624815441017
2022-03-31,1.4929040961781488,1.8728465544264032
2022-04-01,1.4838746894587547,1.8912964610389622
2022-04-06,1.5085119938441398,1.9584619023254664
2022-04-07,1.4996230464268938,1.9289714966649762
2022-04-08,1.5040773967762742,1.9550426066445594
2022-04-11,1.4883995840570443,1.9112098548243917
2022-04-12,1.4816045409242156,1.902216177210625
2022-04-13,1.4929040961781488,1.9377420234162699
2022-04-14,1.506297153514587,1.9464231602996824
2022-04-19,1.506297153514587,1.9533220415620665
2022-04-20,1.472472057360943,1.9112098548243917
2022-04-21,1.425515074273172,1.8857985384832476
2022-04-22,1.4469189829363254,1.8967643216452086
2022-04-25,1.4036429994545037,1.8212600173456763
2022-04-26,1.3912819026309295,1.7812565057015766
2022-04-27,1.4085449700547104,1.8464281937694877
2022-04-28,1.4279160358107101,1.8821210613080868
2022-04-29,1.4655675420143985,1.9165701971500013
2022-05-05,1.47932922708708,1.8985849113569488
2022-05-06,1.449269160281279,1.8876391837863644
2022-05-10,1.4279160358107101,1.8521462588430853
2022-05-11,1.430311246536665,1.8521462588430853
2022-05-12,1.4182774069729414,1.8521462588430853
2022-05-13,1.425515074273172,1.8653673639829624
2022-05-16,1.4279160358107101,1.8672459669690957
2022-05-17,1.43746264769429,1.8949542413554954
2022-05-18,1.4279160358107101,1.9040131721866125
2022-05-19,1.4206957878372228,1.8802702215924194
2022-05-20,1.43746264769429,1.9094121260151127
2022-05-23,1.43746264769429,1.923677394246822
2022-05-24,1.4279160358107101,1.9165701971500013
2022-05-25,1.4562867329399256,1.934237719097442
2022-05-26,1.463255402256019,1.9498850956201716
2022-05-27,1.4973884086254774,1.9837849018651723
2022-05-30,1.4951487660319727,1.9970219698346674
2022-05-31,1.5173226235262947,2.018188284813786
2022-06-01,1.4973884086254774,2.0003133740204007
2022-06-02,1.4838746894587547,1.9871074788427592
2022-06-06,1.4883995840570443,2.0003133740204007
2022-06-07,1.4883995840570443,1.9920770114298427
2022-06-08,1.5129270120532565,2.013334858284967
2022-06-09,1.541159071680806,2.0345832874115364
2022-06-10,1.55814461804655,2.0310771118726683
2022-06-13,1.55814461804655,2.0222392445240875
2022-06-14,1.6094379124341003,2.013334858284967
2022-06-15,1.5973653311998313,1.998930807832468
2022-06-16,1.5623463049002497,1.9600699950076297
2022-06-17,1.547562508716013,1.9524867613683725
2022-06-20,1.47932922708708,1.9157036342361164
2022-06-21,1.4770487243883548,1.9235564419489168
2022-06-22,1.4562867329399256,1.8846533989164336
2022-06-23,1.4701758451005926,1.9018041968150645
2022-06-24,1.4586150226995167,1.88769490806266
2022-06-27,1.4678743481123135,1.9137239725726332
2022-06-28,1.4816045409242156,1.9486800236939754
2022-06-29,1.472472057360943,1.944858739374963
2022-06-30,1.4701758451005926,1.937172083112028
2022-07-04,1.472472057360943,1.929412522792899
2022-07-05,1.4883995840570443,1.9410227968108764
2022-07-06,1.4539530095937054,1.8917544159314712
2022-07-07,1.4422019930581866,1.8856729164796906
2022-07-08,1.449269160281279,1.890741082881594
2022-07-11,1.43746264769429,1.8856729164796906
2022-07-12,1.4350845252893227,1.8816026107629602
2022-07-13,1.430311246536665,1.8588933694536869
2022-07-14,1.425515074273172,1.8473423833606077
2022-07-15,1.4134230285081433,1.8313768985508645
2022-07-18,1.4422019930581866,1.8866913956854197
2022-07-19,1.451613827240533,1.8977853634724444
2022-07-20,1.4586150226995167,1.9018041968150645
2022-07-21,1.449269160281279,1.880578932865639
2022-07-22,1.451613827240533,1.8866913956854197
2022-07-25,1.449269160281279,1.8785284279478613
2022-07-26,1.4609379041156563,1.9018041968150645
2022-07-27,1.451613827240533,1.8957836924447022
2022-07-28,1.4609379041156563,1.9117539836875286
2022-07-29,1.451613827240533,1.9018041968150645
2022-08-01,1.4539530095937054,1.9057932630304826
2022-08-02,1.4350845252893227,1.8764877975999399
2022-08-03,1.4279160358107101,1.868240765675471
2022-08-04,1.425515074273172,1.8640987352857796
2022-08-05,1.4206957878372228,1.8515542566310557
2022-08-08,1.423108334242607,1.8640987352857796
2022-08-09,1.430311246536665,1.8672033106157808
2022-08-10,1.43746264769429,1.8578461663225327
2022-08-11,1.449269160281279,1.8775015966166497
2022-08-12,1.4586150226995167,1.9018041968150645
2022-08-15,1.449269160281279,1.8866913956854197
2022-08-16,1.4398351280479205,1.8588933694536869
2022-08-17,1.4422019930581866,1.8661647781252069
2022-08-18,1.4327007339340465,1.859939477097541
2022-08-19,1.4469189829363254,1.8692771455375332
2022-08-22,1.4562867329399256,1.8846533989164336
2022-08-23,1.4701758451005926,1.917665865312773
2022-08-24,1.4747630091074988,1.9332931744373965
2022-08-25,1.5040773967762742,1.9806162912469316
2022-08-26,1.4951487660319727,1.969459250943606
2022-08-29,1.5040773967762742,1.9843035970421832
2022-08-30,1.501852701754163,1.9861358515430916
2022-08-31,1.4770487243883548,1.96383370107046
2022-09-01,1.4816045409242156,1.958176325263152
2022-09-02,1.4929040961781488,1.9486800236939754
2022-09-05,1.5173226235262947,1.9731878494807957
2022-09-06,1.5260563034950492,1.9811239441248036
2022-09-07,1.5216989981260935,1.9621670017176007
2022-09-08,1.5129270120532565,1.9252484442862987
2022-09-09,1.5238800240724537,1.9459238632469877
2022-09-13,1.5151272329628591,1.9631751054050084
2022-09-14,1.5107219394949427,1.9850748166820296
2022-09-15,1.5151272329628591,2.00069915488921
2022-09-16,1.4838746894587547,1.9771701386855414
2022-09-19,1.47932922708708,1.9692024785709024
2022-09-20,1.4816045409242156,1.9771701386855414
2022-09-21,1.4951487660319727,1.9987562942885275
2022-09-22,1.5151272329628591,1.9909594473518262
2022-09-23,1.534714366238164,1.9909594473518262
2022-09-26,1.472472057360943,1.9335726397289608
2022-09-27,1.4701758451005926,1.9262944414314203
2022-09-28,1.463255402256019,1.9062583029775875
2022-09-29,1.472472057360943,1.8966262630252995
2022-09-30,1.4747630091074988,1.9083892475461672
2022-10-10,1.501852701754163,1.95205579724273
2022-10-11,1.4906543764441336,1.9366681444227436
2022-10-12,1.4883995840570443,1.9262944414314203
2022-10-13,1.4747630091074988,1.920001983694211
2022-10-14,1.4838746894587547,1.9346099704245623
2022-10-17,1.4861396960896067,1.953061091441201
2022-10-18,1.4816045409242156,1.9581373766169372
2022-10-19,1.472472057360943,1.9540784120631636
2022-10-20,1.4816045409242156,1.9571241789827183
2022-10-21,1.4883995840570443,1.9641821938427622
2022-10-24,1.4838746894587547,1.9448982086448525
2022-10-25,1.4747630091074988,1.9448982086448525
2022-10-26,1.4655675420143985,1.9418281145918528
2022-10-27,1.472472057360943,1.9489945303143112
2022-10-28,1.463255402256019,1.9459238632469877
2022-10-31,1.4060969884160703,1.9030533476236886
2022-11-01,1.4206957878372228,1.9356462261801637
2022-11-02,1.4279160358107101,1.9571241789827183
2022-11-03,1.4279160358107101,1.940798248383423
2022-11-04,1.4398351280479205,1.9571241789827183
2022-11-07,1.4609379041156563,1.983101331576393
2022-11-08,1.4609379041156563,1.9889975527402761
2022-11-09,1.4539530095937054,1.9870318015307813
2022-11-10,1.4398351280479205,1.979142638863774
2022-11-11,1.4609379041156563,2.00069915488921
2022-11-14,1.4562867329399256,2.00069915488921
2022-11-15,1.4562867329399256,2.016083123946251
2022-11-16,1.4609379041156563,2.012253112635535
2022-11-17,1.4586150226995167,2.006492820412008
2022-11-18,1.449269160281279,1.9889975527402761
2022-11-21,1.4445632692438664,1.9731878494807957
2022-11-22,1.463255402256019,1.9850748166820296
2022-11-23,1.4770487243883548,1.994859212164266
2022-11-24,1.472472057360943,1.9889975527402761
2022-11-25,1.4861396960896067,1.992917500468288
2022-11-28,1.472472057360943,1.9751809764102726
2022-11-29,1.4883995840570443,1.9870318015307813
2022-11-30,1.4973884086254774,1.9889975527402761
2022-12-01,1.4883995840570443,1.979142638863774
2022-12-02,1.4883995840570443,1.9661933331344912
2022-12-05,1.5129270120532565,1.9751809764102726
2022-12-06,1.5040773967762742,1.9731878494807957
2022-12-07,1.4883995840570443,1.9631751054050084
2022-12-08,1.47932922708708,1.9500159942393782
2022-12-09,1.4770487243883548,1.9510364158405005
2022-12-12,1.4678743481123135,1.9540784120631636
2022-12-13,1.4701758451005926,1.9692024785709024
2022-12-14,1.4770487243883548,1.9751809764102726
2022-12-15,1.4678743481123135,1.9682004358617056
2022-12-16,1.472472057360943,1.9692024785709024
2022-12-19,1.4539530095937054,1.9641821938427622
2022-12-20,1.449269160281279,1.9561099537377928
2022-12-21,1.4469189829363254,1.9510364158405005
2022-12-22,1.449269160281279,1.9500159942393782
2022-12-23,1.4469189829363254,1.9500159942393782
2022-12-28,1.4609379041156563,1.9671973880556837
2022-12-29,1.4422019930581866,1.9631751054050084
2022-12-30,1.4445632692438664,1.9671973880556837
2023-01-03,1.451613827240533,1.979142638863774
2023-01-04,1.4469189829363254,1.9731878494807957
2023-01-05,1.4469189829363254,1.9661933331344912
2023-01-06,1.4445632692438664,1.9692024785709024
2023-01-09,1.4469189829363254,1.9641821938427622
2023-01-10,1.4422019930581866,1.9641821938427622
2023-01-11,1.4445632692438664,1.979142638863774
2023-01-12,1.4586150226995167,2.002625829982873
2023-01-13,1.4678743481123135,2.0141699519131024
2023-01-16,1.472472057360943,2.0179926427403343
2023-01-17,1.4655675420143985,2.0179926427403343
2023-01-18,1.4678743481123135,2.049849483885332
2023-01-19,1.4701758451005926,2.046158764041249
2023-01-20,1.4883995840570443,2.098469849660333
2023-01-30,1.4906543764441336,2.098469849660333
2023-01-31,1.4838746894587547,2.0967081127649605
2023-02-01,1.4883995840570443,2.1176136282933617
2023-02-02,1.4861396960896067,2.112430860731163
2023-02-03,1.4838746894587547,2.087863973215822
2023-02-06,1.47932922708708,2.078952422080345
2023-02-07,1.4838746894587547,2.100228488296334
2023-02-08,1.47932922708708,2.1141651387169595
2023-02-09,1.4838746894587547,2.1054747187266516
2023-02-10,1.4770487243883548,2.0914155660575378
2023-02-13,1.47932922708708,2.100228488296334
2023-02-14,1.4838746894587547,2.1054747187266516
2023-02-15,1.47932922708708,2.0967081127649605
2023-02-16,1.47932922708708,2.098469849660333
2023-02-17,1.47932922708708,2.0967081127649605
2023-02-20,1.4973884086254774,2.098469849660333
2023-02-21,1.501852701754163,2.119338948900956
2023-02-22,1.4973884086254774,2.110693569799192
2023-02-23,1.4996230464268938,2.1072210920882815
2023-02-24,1.4951487660319727,2.098469849660333
2023-02-27,1.4906543764441336,2.078952422080345
2023-02-28,1.4951487660319727,2.0663203339058107
2023-03-01,1.5040773967762742,2.087863973215822
2023-03-02,1.5195132049061133,2.09494326667431
2023-03-03,1.545432582458188,2.115896414189066
2023-03-06,1.547562508716013,2.1498534059202012
2023-03-07,1.5706970841176697,2.1826950892384716
2023-03-08,1.55814461804655,2.154846279811855
2023-03-09,1.55814461804655,2.1713254038105307
2023-03-10,1.534714366238164,2.100228488296334
2023-03-13,1.5769147207285403,2.1581681529090284
2023-03-14,1.5539252025038417,2.1279102256086038
2023-03-15,1.572773928062509,2.1364086594460794
2023-03-16,1.541159071680806,2.086094859194443
2023-03-17,1.6034198401085373,2.1176136282933617
2023-03-20,1.5933085305042167,2.0914155660575378
2023-03-21,1.5769147207285403,2.0896413463623156
2023-03-22,1.5810384379124025,2.100228488296334
2023-03-23,1.5933085305042167,2.108964420946061
2023-03-24,1.5706970841176697,2.09494326667431
2023-03-27,1.5602476682433286,2.087863973215822
2023-03-28,1.5748464676644813,2.1054747187266516
2023-03-29,1.5644405465033646,2.1296178875125307
2023-03-30,1.6331544390514163,2.1296178875125307
2023-03-31,1.6193882432872684,2.1227806855199414
2023-04-03,1.6331544390514163,2.146503750636717
2023-04-04,1.6601310267496185,2.1762124722498997
2023-04-06,1.6620303625532709,2.1680470224106805
2023-04-11,1.7209792871670078,2.1729500995375326
2023-04-12,1.7613002617433464,2.177839676113687
2023-04-13,1.7544036826842861,2.1939369568071077
2023-04-14,1.7715567619105355,2.2018945449323573
2023-04-17,1.8341801851120072,2.2284803208352035
2023-04-18,1.827769906751088,2.217622234538664
2023-04-19,1.81319474994812,2.2018945449323573
2023-04-20,1.8309801823813363,2.1923357576186904
2023-04-21,1.827769906751088,2.184311787174884
2023-04-24,1.8309801823813363,2.1810757733568438
2023-04-25,1.8718021769015913,2.1859155371888197
2023-04-26,1.860974538249528,2.1923357576186904
2023-04-27,1.8562979903656263,2.1859155371888197
2023-04-28,1.9065751436566365,2.2160585439109157
2023-05-04,1.9213246735826988,2.1826950892384716
2023-05-05,1.916922612182061,2.1794538310376845
2023-05-08,1.9906103279732201,2.236168756531014
2023-05-09,1.9315214116032138,2.2269335301169053
2023-05-10,1.891604804197771,2.2284803208352035
2023-05-11,1.873339456220478,2.217622234538664
2023-05-12,1.8562979903656263,2.2018945449323573
2023-05-15,1.851599469584072,2.2222887198168024
2023-05-16,1.8578592709325787,2.2269335301169053
2023-05-17,1.851599469584072,2.208213312755092
2023-05-18,1.8825138324965192,2.217622234538664
2023-05-19,1.8594181177018698,2.2144924043248753
2023-05-22,1.8547342683894434,2.2238427062034196
2023-05-23,1.8357763546448294,2.2160585439109157
2023-05-24,1.8180767775454285,2.208213312755092
2023-05-25,1.809926773183504,2.190742279232959
2023-05-29,1.8718021769015913,2.184311787174884
2023-05-30,1.8779371654691073,2.1762124722498997
2023-05-31,1.8562979903656263,2.133013587739522
2023-06-01,1.873339456220478,2.1364086594460794
2023-06-02,1.8748743759385615,2.1631197866180782
2023-06-05,1.884034745337226,2.1680470224106805
2023-06-06,1.8764069432883397,2.1696875565830793
2023-06-07,1.8764069432883397,2.1680470224106805
2023-06-08,1.8976198599275322,2.1964567270590787
2023-06-09,1.9021075263969205,2.2049118433381296
2023-06-12,1.891604804197771,2.1879398293780503
2023-06-13,1.8702625307159986,2.153085048843535
2023-06-14,1.8687205103641833,2.1495318108056756
2023-06-15,1.864080130807681,2.142398030814442
2023-06-16,1.8656293177945105,2.1495318108056756
2023-06-19,1.8578592709325787,2.1583913446582375
2023-06-20,1.8373699804801074,2.1495318108056756
2023-06-21,1.8578592709325787,2.142398030814442
2023-06-26,1.8500283773520307,2.1315846498733255
2023-06-27,1.8855533485144158,2.1495318108056756
2023-06-28,1.890095369948917,2.1495318108056756
2023-06-29,1.8809906029559975,2.140603901242351
2023-06-30,1.8809906029559975,2.1459766620359817
2023-07-03,1.925707441737794,2.1654228883703475
2023-07-04,1.922787731634459,2.181065384663897
2023-07-05,1.922787731634459,2.1862256435577887
2023-07-06,1.916922612182061,2.179339363959852
2023-07-07,1.9139771019523042,2.179339363959852
2023-07-10,1.9021075263969205,2.1827884313529458
2023-07-11,1.9035989509835904,2.1964567270590787
2023-07-12,1.9213246735826988,2.2199532029455407
2023-07-13,1.9782390361706734,2.231497600748472
2023-07-14,1.9782390361706734,2.2364046913747697
2023-07-18,1.9558604799084813,2.2249171300475634
2023-07-19,1.965712776351493,2.2364046913747697
2023-07-20,1.951608170169951,2.2364046913747697
2023-07-21,1.9501867058225735,2.2347716685430474
2023-07-24,1.944480556245719,2.2199532029455407
2023-07-25,1.9530276168241774,2.242900479231573
2023-07-26,1.9315214116032138,2.2412780383733057
2023-07-27,1.9329696377795786,2.2461374852950757
2023-07-28,1.9459101490553132,2.2493640469498466
2023-07-31,1.9387416595767009,2.26216718348711
2023-08-01,1.958685340544036,2.2732370205474184
2023-08-02,1.9021075263969205,2.2461374852950757
2023-08-03,1.8946168546677629,2.2298565382373075
2023-08-04,1.900613874140137,2.2380252382955823
2023-08-07,1.9095425048844386,2.2637561111040534
2023-08-08,1.922787731634459,2.266926412264004
2023-08-09,1.9242486522741338,2.2779439790775946
2023-08-10,1.9387416595767009,2.295006447470495
2023-08-11,1.922787731634459,2.3011428534664273
2023-08-14,1.9286186519452522,2.295006447470495
2023-08-15,1.9286186519452522,2.2794986398387502
2023-08-16,1.9035989509835904,2.265342518034683
2023-08-17,1.9095425048844386,2.274808469727716
2023-08-18,1.9080599249242156,2.2763774533295127
2023-08-21,1.8931119634883424,2.2716630980273567
2023-08-22,1.9139771019523042,2.2732370205474184
2023-08-23,1.916922612182061,2.2732370205474184
2023-08-24,1.9050881545350582,2.2888321533796585
2023-08-25,1.9125010869241836,2.293466444197458
2023-08-28,1.927164106234258,2.287282604865589
2023-08-29,1.916922612182061,2.3011428534664273
2023-08-30,1.918392120161421,2.310277430954366
2023-08-31,1.916922612182061,2.3238157198212397
2023-09-04,1.9430489167742813,2.357625398558931
2023-09-05,1.9430489167742813,2.347455967725107
2023-09-06,1.958685340544036,2.3691137574819687
2023-09-07,1.9782390361706734,2.374325120922295
2023-09-11,1.965712776351493,2.363883746423656
2023-09-12,1.9615022438151495,2.3472536320671558
2023-09-13,1.9823798288367047,2.3487745449078625
2023-09-14,1.9906103279732201,2.397784721233226
2023-09-15,1.9851308622085946,2.3934256625922994
2023-09-18,1.9768549529047348,2.3934256625922994
2023-09-19,1.9878743481543455,2.396336604159825
2023-09-20,1.9892432737616872,2.4006746793941107
2023-09-21,1.9726911717329554,2.3905146483288973
2023-09-22,1.9878743481543455,2.3919712147107295
2023-09-25,1.9740810260220096,2.3817134135122693
2023-09-26,1.9726911717329554,2.368373208063814
2023-09-27,1.9740810260220096,2.383182846601085
2023-09-28,1.9726911717329554,2.397784721233226
2023-10-09,1.9629077254238845,2.368373208063814
2023-10-10,1.9473377010464987,2.3772835764759153
2023-10-11,1.9315214116032138,2.3875866850515917
2023-10-12,1.9329696377795786,2.3772835764759153
2023-10-13,1.9329696377795786,2.3772835764759153
2023-10-16,1.9487632180377197,2.3787595285408036
2023-10-17,1.965712776351493,2.3787595285408036
2023-10-18,1.9726911717329554,2.3934256625922994
2023-10-19,1.9416152247724325,2.374325120922295
2023-10-20,1.9344157696295783,2.3713492983388873
2023-10-24,1.944480556245719,2.369862360340108
2023-10-25,1.8870696490323797,2.341137890833854
2023-10-26,1.9035989509835904,2.3563533222022284
2023-10-27,1.8991179875485542,2.362385657721625
2023-10-30,1.8594181177018698,2.3272324362670944
2023-10-31,1.8578592709325787,2.3131399935333743
2023-11-01,1.864080130807681,2.330342273288962
2023-11-02,1.8764069432883397,2.334984517040705
2023-11-03,1.8870696490323797,2.353332198247464
2023-11-06,1.8531680973566984,2.3225629990456538
2023-11-07,1.8531680973566984,2.3241219020020276
2023-11-08,1.8453002361560848,2.298846111707191
2023-11-09,1.8531680973566984,2.305225204829754
2023-11-10,1.851599469584072,2.3068113497765106
2023-11-13,1.860974538249528,2.330342273288962
2023-11-14,1.8547342683894434,2.3241219020020276
2023-11-15,1.8656293177945105,2.351818206665908
2023-11-16,1.8594181177018698,2.338061497271464
2023-11-17,1.8468787684491346,2.3162938964862887
2023-11-20,1.8547342683894434,2.3365241906315353
2023-11-21,1.8594181177018698,2.3334424691990674
2023-11-22,1.8578592709325787,2.331889105497888
2023-11-23,1.8562979903656263,2.3365241906315353
2023-11-24,1.8578592709325787,2.3272324362670944
2023-11-27,1.8594181177018698,2.331889105497888
2023-11-28,1.851599469584072,2.3256783785620003
2023-11-29,1.8500283773520307,2.3272324362670944
2023-11-30,1.8656293177945105,2.342668126549888
2023-12-01,1.8656293177945105,2.3241219020020276
2023-12-04,1.8687205103641833,2.3272324362670944
2023-12-05,1.8500283773520307,2.3256783785620003
2023-12-06,1.81319474994812,2.3225629990456538
2023-12-07,1.8082887711792655,2.29563660808963
2023-12-08,1.8229350866965048,2.3020361423482067
2023-12-11,1.8213182714695995,2.28919585587503
2023-12-12,1.827769906751088,2.292426064365012
2023-12-13,1.8066480817218056,2.2630098209922043
2023-12-14,1.8050046959780757,2.256354749685787
2023-12-15,1.801709800081223,2.2794609796653207
2023-12-18,1.8066480817218056,2.2794609796653207
2023-12-19,1.8082887711792655,2.2875814998902784
2023-12-20,1.8082887711792655,2.2940326246756437
2023-12-21,1.8082887711792655,2.285964533545663
2023-12-22,1.8164520818184267,2.292426064365012
2023-12-27,1.8578592709325787,2.3241219020020276
2023-12-28,1.8500283773520307,2.3365241906315353
2023-12-29,1.8500283773520307,2.338061497271464
2024-01-02,1.860974538249528,2.353332198247464
2024-01-03,1.8794650496471605,2.338061497271464
2024-01-04,1.900613874140137,2.365379594212596
2024-01-05,1.9080599249242156,2.3817134135122693
2024-01-08,1.9065751436566365,2.389047519337837
2024-01-09,1.9050881545350582,2.3758054427561137
2024-01-10,1.8976198599275322,2.365379594212596
2024-01-11,1.873339456220478,2.354843901123156
2024-01-12,1.873339456220478,2.3728340286353653
2024-01-15,1.8870696490323797,2.3817134135122693
2024-01-16,1.888583653863595,2.3758054427561137
2024-01-17,1.8687205103641833,2.351818206665908
2024-01-18,1.8671761085128091,2.3593740385890074
2024-01-19,1.860974538249528,2.353332198247464
2024-01-22,1.8484548129046001,2.3457304025266343
2024-01-23,1.8421356765531218,2.35786917359061
2024-01-24,1.8779371654691073,2.396336604159825
2024-01-25,1.9726911717329554,2.4431147406081126
2024-01-26,2.0347056478384444,2.4527645837919168
2024-01-29,2.0228711901914416,2.460964647086196
2024-01-30,2.0228711901914416,2.4472629325228032
2024-01-31,2.018895041811802,2.444504705923004
2024-02-01,1.9933388426264242,2.4347744354719962
2024-02-02,1.986503546020567,2.4389492694949486
2024-02-05,2.012232791986386,2.4389492694949486
2024-02-06,1.9892432737616872,2.460964647086196
2024-02-07,2.012232791986386,2.4541333036198227
2024-02-08,2.0095554142156695,2.4568730205452614
2024-02-19,2.052840859882657,2.486486401323209
2024-02-20,2.0515563381903004,2.5191006475860345
2024-02-21,2.0592388343623163,2.506185311392382
2024-02-22,2.1150499691472033,2.563055565368754
2024-02-23,2.1004689088719113,2.5679571372457173
2024-02-26,2.0744289998562917,2.594491131925548
2024-02-27,2.0794415416798357,2.593301756413659
2024-02-28,2.0744289998562917,2.5728348008562687
2024-02-29,2.0744289998562917,2.550691893443985
2024-03-01,2.0681277817795625,2.555654291875184
2024-03-04,2.105352923464337,2.5885231455268056
2024-03-05,2.0980179272527715,2.586128713855893
2024-03-06,2.0906287310704004,2.590918753116466
2024-03-07,2.1004689088719113,2.618026582774615
2024-03-08,2.1126345090356,2.6612640675213948
2024-03-11,2.0918640616783932,2.624975211817215
2024-03-12,2.05668455455722,2.628434824332038
2024-03-13,2.05668455455722,2.639878991958282
2024-03-14,2.0681277817795625,2.6478055237643963
2024-03-15,2.075684492802124,2.6341699773708216
2024-03-18,2.0769384114617173,2.633026897339785
2024-03-19,2.080690761080268,2.6478055237643963
2024-03-20,2.1077860146889784,2.667919634157474
2024-03-21,2.1114245875328868,2.675634166189591
2024-03-22,2.1016921506146558,2.6478055237643963
2024-03-25,2.1234584270966104,2.6645941850354786
2024-03-26,2.1150499691472033,2.6612640675213948
2024-03-27,2.1114245875328868,2.641014270699245
2024-03-28,2.1198634561787513,2.670132595868218
2024-04-02,2.1938856760707046,2.725936745517455
2024-04-03,2.2159372862683733,2.724893945414518
2024-04-08,2.224623551524334,2.72385005674427
2024-04-09,2.209372711271867,2.7101610383835153
2024-04-10,2.224623551524334,2.725936745517455
2024-04-11,2.2202898502672155,2.7363232580335413
2024-04-12,2.224623551524334,2.7228050772316488
2024-04-15,2.262804222982201,2.7373542136060527
2024-04-16,2.2834022735772717,2.717551586309873
2024-04-17,2.286455711064162,2.7080350009866887
2024-04-18,2.25758772706331,2.6854626113957476
2024-04-19,2.285438934159075,2.6973488789923534
2024-04-22,2.258633205464863,2.6723343148613554
2024-04-23,2.2321626286975,2.686553595835167
2024-04-24,2.2396452932201716,2.7027092971660225
2024-04-25,2.2502386126218363,2.717551586309873
2024-04-26,2.263844264677615,2.752715807473495
2024-04-29,2.2192034840549946,2.756772299463154
2024-04-30,2.224623551524334,2.783732894635907
2024-05-06,2.1983350716202463,2.754749037111423
2024-05-07,2.209372711271867,2.759805362146267
2024-05-08,2.21046980408624,2.759805362146267
2024-05-09,2.2049722641270453,2.764836249326391
2024-05-10,2.206074192613202,2.7935389750755126
2024-05-13,2.199444334074532,2.768849740952927
2024-05-14,2.190535589185423,2.7455756319222417
2024-05-16,2.180417459019838,2.7342581527910146
2024-05-17,2.189416394888408,2.7363232580335413
2024-05-20,2.2181159363675955,2.751700575981022
2024-05-21,2.21046980408624,2.7290646428741554
2024-05-22,2.2027647577118348,2.7196575082466086
2024-05-23,2.188295946591918,2.72698447763476
2024-05-24,2.194999882314108,2.7496670156693086
2024-05-27,2.2213750375685026,2.7910978662882524
2024-05-28,2.2364452904895007,2.798403388019791
2024-05-29,2.2460147415056513,2.8152558933741463
2024-05-30,2.217027204632399,2.7910978662882524
2024-05-31,2.211565694606877,2.8128617661141977
2024-06-03,2.21375387928743,2.820016053412144
2024-06-04,2.196112848483529,2.8008323396163854
2024-06-05,2.174751721484161,2.783732894635907
2024-06-06,2.196112848483529,2.822387663137119
2024-06-07,2.196112848483529,2.82946893071754
2024-06-11,2.179286876649552,2.83182367302821
2024-06-12,2.1972245773362196,2.855023412993283
2024-06-13,2.188295946591918,2.8672486907025196
2024-06-14,2.180417459019838,2.862566756845854
2024-06-17,2.162172939277301,2.8531313049549687
2024-06-18,2.1736147116970854,2.869584072255949
2024-06-19,2.186051276738094,2.9262239835474464
2024-06-20,2.203869120054888,2.960859836928906
2024-06-21,2.194999882314108,2.9284208447924343
2024-06-24,2.200552367428894,2.919594365550814
2024-06-25,2.2027647577118348,2.9262239835474464
2024-06-26,2.190535589185423,2.919594365550814
2024-06-27,2.189416394888408,2.8834726805640876
2024-06-28,2.252343876557299,2.9129205022266444
2024-07-02,2.2844211223663744,2.956592405132686
2024-07-03,2.2762411176544437,2.956592405132686
2024-07-04,2.2823823856765264,2.956592405132686
2024-07-05,2.2731562823032334,2.9501617308365193
2024-07-08,2.285438934159075,2.945853136668941
2024-07-09,2.2823823856765264,2.9371749758497376
2024-07-10,2.253394848803274,2.901694084426411
2024-07-11,2.265921108622454,2.921805823385695
2024-07-12,2.253394848803274,2.9328099390163103
2024-07-15,2.2669579153508947,2.9173730313902193
2024-07-16,2.2700619012884857,2.908443039783923
2024-07-17,2.2300144001592104,2.8554998505201623
2024-07-18,2.2407096892759584,2.8742333425018116
2024-07-19,2.2181159363675955,2.8242841857464893
2024-07-22,2.182674796321488,2.8218404465406124
2024-07-23,2.1701959049483,2.8169404798102815
2024-07-24,2.175887439948088,2.8291483874210774
2024-07-25,2.1329823086078656,2.789538755343358
2024-07-26,2.127040520479115,2.794580128880432
2024-07-29,2.130609828254235,2.8291483874210774
2024-07-30,2.0906287310704004,2.7955808654610346
2024-07-31,2.1126345090356,2.8242841857464893
2024-08-01,2.1186622548331173,2.8436059766136337
2024-08-02,2.0992441689760155,2.819390720841013
2024-08-05,2.048982334195127,2.753548349353879
2024-08-06,2.05668455455722,2.740903763829254
2024-08-07,2.0693912058263346,2.7608473108590785
2024-08-08,2.064327903869788,2.781427296706916
2024-08-09,2.0856720914304723,2.794580128880432
2024-08-12,2.0831845279586703,2.7865039547489645
2024-08-13,2.0918640616783932,2.8020892703574027
2024-08-14,2.0906287310704004,2.7985882852762742
2024-08-15,2.0992441689760155,2.7955808654610346
2024-08-16,2.1162555148025524,2.8291483874210774
2024-08-19,2.1234584270966104,2.826716520622595
2024-08-20,2.102913897864978,2.807062368571437
2024-08-21,2.1077860146889784,2.8169404798102815
2024-08-22,2.1041341542702074,2.8120108574139775
2024-08-23,2.1077860146889784,2.8218404465406124
2024-08-26,2.1210632163706555,2.8339890431238883
2024-08-27,2.150598735996164,2.8672486907025196
2024-08-28,2.135349173618132,2.862566756845854
2024-08-29,2.1041341542702074,2.8578575193185696
2024-08-30,2.1077860146889784,2.8742333425018116
2024-09-02,2.1162555148025524,2.8554998505201623
2024-09-03,2.0831845279586703,2.8602149101944114
2024-09-04,2.028148247292285,2.794580128880432
2024-09-05,2.0135687975291283,2.791560612412546
2024-09-09,1.9754689512968577,2.752498763667924
2024-09-10,1.9851308622085946,2.756684670612175
2024-09-11,1.965712776351493,2.7334512456222435
2024-09-12,1.9768549529047348,2.7434111673142425
2024-09-13,1.9851308622085946,2.76087639999109
2024-09-19,2.0068708488450007,2.7780475457148532
2024-09-20,2.0135687975291283,2.7833518415028213
2024-09-23,2.0268315914075385,2.787575113204293
2024-09-24,2.0693912058263346,2.8278488632772025
2024-09-25,2.0744289998562917,2.8237926376331486
2024-09-26,2.0731719286662407,2.7565386054610155
2024-09-27,2.0719132752590443,2.7662781020960967
2024-09-30,2.145931282948669,2.81049511050793
2024-10-08,2.180417459019838,2.8572712645978764
2024-10-09,2.080690761080268,2.8042976385130665
2024-10-10,2.1138429683971682,2.84491194195567
2024-10-14,2.1150499691472033,2.8473960569253642
2024-10-15,2.0781907597781832,2.8042976385130665
2024-10-16,2.0769384114617173,2.793876765367253
2024-10-17,2.0681277817795625,2.790730903130058
2024-10-18,2.0906287310704004,2.789680079323163
2024-10-21,2.080690761080268,2.775917924291592
2024-10-22,2.080690761080268,2.775917924291592
2024-10-23,2.0831845279586703,2.7801726414869257
2024-10-24,2.080690761080268,2.791780623865312
2024-10-25,2.0731719286662407,2.784409332732089
2024-10-28,2.0706530356467567,2.772714964270921
2024-10-29,2.050270164379556,2.7576248194117845
2024-10-30,2.038619547159581,2.7356731502060705
2024-10-31,2.0373166153791646,2.7445117265803827
2024-11-01,2.061786606441115,2.7554512103664086
2024-11-04,2.050270164379556,2.7412064084111107
2024-11-05,2.0592388343623163,2.7565386054610155
2024-11-06,2.057962510002712,2.7312243931827336
2024-11-07,2.0681277817795625,2.736782253913617
2024-11-08,2.05668455455722,2.721141731831076
2024-11-11,2.0360119837525,2.694897144326629
2024-11-12,2.0255131996542803,2.67386502300146
2024-11-13,2.0347056478384444,2.6785821174122804
2024-11-14,2.0294631718735947,2.661990067007177
2024-11-15,2.0294631718735947,2.6667569844631385
2024-11-18,2.0438143640366846,2.6797563451453366
2024-11-19,2.0412203288596382,2.686772903013343
2024-11-20,2.0412203288596382,2.6832707780772553
2024-11-21,2.038619547159581,2.686772903013343
2024-11-22,2.0268315914075385,2.6809291956846044
2024-11-25,2.0294631718735947,2.6960523809059236
2024-11-26,2.028148247292285,2.6844395163501127
2024-11-27,2.0294631718735947,2.692582659728136
2024-11-28,2.0294631718735947,2.6797563451453366
2024-11-29,2.030776369698555,2.6832707780772553
2024-12-02,2.028148247292285,2.6809291956846044
2024-12-03,2.0373166153791646,2.7006600275810837
2024-12-04,2.0794415416798357,2.7233911250808003
2024-12-05,2.060513531794317,2.7143569384266897
2024-12-06,2.064327903869788,2.718881200158884
2024-12-09,2.0781907597781832,2.736782253913617
2024-12-10,2.0693912058263346,2.7200151349427064
2024-12-11,2.080690761080268,2.726755756246508
2024-12-12,2.080690761080268,2.7334512456222435
2024-12-13,2.0592388343623163,2.716621627908632
2024-12-16,2.080690761080268,2.7245139271328753
2024-12-17,2.0831845279586703,2.7412064084111107
2024-12-18,2.086913556518537,2.7434111673142425
2024-12-19,2.0769384114617173,2.7412064084111107
2024-12-20,2.066862759472976,2.728992570802052
2024-12-23,2.0955609235597192,2.7510897669925365
2024-12-24,2.1186622548331173,2.7673537938811394
2024-12-27,2.134166441369082,2.771645027099559
2024-12-30,2.1435893615035875,2.7812334982566966
2024-12-31,2.136530508663963,2.7949231907389738
