window_end,p_value,hedge_ratio,residual_std
2018-10-09,0.8891271289461247,0.16089346850319178,0.060680741177939666
2018-10-16,0.7467953527135974,0.22969346211849814,0.061689626836543186
2018-10-24,0.5665725670387609,0.26014093786392,0.0601835470537428
2018-10-31,0.24249233090130567,0.28351993735349706,0.05767624368471863
2018-11-07,0.14589789880149073,0.300959408207101,0.052265021127183516
2018-11-14,0.10091794275214788,0.3294237381875966,0.04600763203860376
2018-11-21,0.3956145598282372,0.36488168176317715,0.043520215880889807
2018-11-28,0.38573033852609023,0.403886502762041,0.04218164924988934
2018-12-05,0.2807816200471161,0.4412451971399229,0.04121417655473274
2018-12-12,0.19776269381566236,0.5063717831847238,0.03897717258903201
2018-12-19,0.04265391150629701,0.5819915208556867,0.03613334306788853
2018-12-28,0.08779469164210146,0.6587752734292958,0.03309665197890867
2019-01-08,0.03274297826978507,0.7379403948917469,0.03125733006889144
2019-01-15,0.05563628236742515,0.7947800120869919,0.03090872113167314
2019-01-22,0.11747628145431838,0.8033267959826781,0.03229494163115673
2019-01-29,0.1051176899838494,0.8074323218937555,0.03395072149159962
2019-02-12,0.2453754126599278,0.8060828645364163,0.03558750933529325
2019-02-19,0.18531941335412344,0.789045004095748,0.03720785780984221
2019-02-26,0.24700896875867717,0.7544104699572636,0.038752462851295195
2019-03-05,0.22499280535498573,0.7630581162740417,0.038006743661428
2019-03-12,0.44358268803852813,0.7634227039986189,0.038051636544614076
2019-03-19,0.5237102933714324,0.7427294837651933,0.03886537346706347
2019-03-26,0.6847585780511742,0.7142224697780102,0.039716352061201034
2019-04-02,0.7222776468780389,0.6330754550006864,0.042698010379238864
2019-04-10,0.7871650851610623,0.5683446315238336,0.04449747070268063
2019-04-17,0.7821207571087178,0.5143635498217354,0.04635761155149839
2019-04-26,0.8591077341617729,0.45127812521240424,0.047815892512053156
2019-05-08,0.8501942696997369,0.4226599836666231,0.049789201718838536
2019-05-16,0.8181379375665472,0.42221588703719687,0.051256795287194644
2019-05-23,0.8516504086145029,0.43969490932345934,0.052423258909085294
2019-05-30,0.8948119198753477,0.5193355734451452,0.05198277309300617
2019-06-06,0.8673043677528238,0.5911383214411696,0.05114273616911361
2019-06-14,0.8410244524425449,0.6119859079027145,0.05176131690886896
2019-06-21,0.8286150002615029,0.6160347775385744,0.053409197335393614
2019-06-28,0.6320890541755468,0.5780577364784525,0.05584795534273343
2019-07-08,0.7303750130064035,0.5042566202668124,0.056524998009713105
2019-07-15,0.4189171436927075,0.3683264480613771,0.055704259397624335
2019-07-22,0.982610451699833,0.2402784339891139,0.05401685577429692
2019-07-29,0.9080385566637998,0.1580343655301206,0.05459566273893781
2019-08-05,0.9782329963186056,0.18813127525578305,0.05555713789843758
2019-08-12,0.9710183522213538,0.2707027258440111,0.05726703523290438
2019-08-19,0.9461751847443229,0.3789730939531561,0.0586119470867833
2019-08-26,0.8996865322895854,0.47759619816760335,0.0592917875084799
2019-09-02,0.8930738676143227,0.5674270208597721,0.059494162272171476
2019-09-09,0.8870925448703126,0.6021752534358085,0.06017287701660775
2019-09-17,0.9077356955653277,0.6201472059289697,0.06055030389448159
2019-09-24,0.7079030944067345,0.651486293643839,0.0602624747834346
2019-10-08,0.40876215207260863,0.7624773911014059,0.05864862488350583
2019-10-15,0.6281102030500986,0.8772067087436807,0.05621290242525971
2019-10-22,0.5780152695289916,0.9317503630895707,0.055573166683007706
2019-10-29,0.5879655238047059,0.968933339288483,0.05565533872041035
2019-11-05,0.811824686830013,1.0083200525923632,0.05678301763394275
2019-11-12,0.9201292557328264,1.0176809720857003,0.06112425599353545
2019-11-19,0.893955286982379,1.0462092147975735,0.06472299788222427
2019-11-26,0.6815833158833748,1.0629373840476963,0.06631527028396088
2019-12-03,0.29352579708189985,1.0734588512710197,0.06482236290322373
2019-12-10,0.30194199385645715,1.0882416576708194,0.06078782966853448
2019-12-17,0.5089322311507851,1.0791512900176552,0.05949673154086902
2019-12-24,0.9004619545593566,1.0271113871440571,0.06098211565088176
2020-01-03,0.9292538140725958,0.9455892775822783,0.06489015135093748
2020-01-10,0.9507862047438865,0.7952531856447611,0.0672708724800027
2020-01-17,0.9578553825346675,0.6237881016890438,0.0694770227937473
2020-02-03,0.9814868401211517,0.48066144542273603,0.07094792484758701
2020-02-10,0.9526606935475154,0.41976798925026576,0.0738486402686446
2020-02-17,0.9023225731802451,0.37060909933940517,0.07499492918536314
2020-02-24,0.8658643541852371,0.34796371150720434,0.07484830210984904
2020-03-02,0.8315011828212016,0.4318484842693512,0.07400395997313255
2020-03-09,0.46412487658591683,0.5042349769972804,0.07103900583012943
2020-03-16,0.6256849167132059,0.443686985304314,0.06726741077451977
2020-03-23,0.5524819425044627,0.37953880970500675,0.06456038627951556
2020-03-30,0.524370694825237,0.384180199088168,0.06219897618382717
2020-04-07,0.7748711247882605,0.4051005020356682,0.061647733528877625
2020-04-16,0.7743445339826511,0.42507396196877256,0.06222981882054201
2020-04-23,0.46186679728636393,0.44463503620359285,0.06296069668055597
2020-05-06,0.5722853296676429,0.46486480663133434,0.06504814326734361
2020-05-13,0.5233847396968428,0.48074557780620847,0.06602826350508723
2020-05-20,0.5462030837713839,0.49769005244195896,0.0675823769763725
2020-05-27,0.5526861878462432,0.5167251221836378,0.06870512630085622
2020-06-03,0.6173012783009404,0.5341044466409375,0.07035956455702262
2020-06-10,0.7131587478534344,0.5440702085240465,0.07345970848552577
2020-06-17,0.6894144485493822,0.5533059206338556,0.07520948737113489
2020-06-24,0.506355725999451,0.5555513865922976,0.07644614834293152
2020-07-06,0.10886911866254306,0.5520337232678585,0.07651847233042533
2020-07-13,0.3023572634424281,0.5424090423990844,0.07465228387075086
2020-07-20,0.2824665441294304,0.5359510630830762,0.07258246021156686
2020-07-27,0.2807239899307562,0.526636737345111,0.07061345883931024
2020-08-03,0.3164234002624605,0.5156477583535162,0.06872133195321335
2020-08-10,0.38602622342240567,0.5067387590766153,0.06749553154038004
2020-08-17,0.3860689585225928,0.5023263103250024,0.06763600388089007
2020-08-24,0.38032328376721797,0.5005633902976911,0.06801020989150834
2020-08-31,0.3750627548275835,0.4952361575076971,0.06812292032761337
2020-09-07,0.36170764743640127,0.4908420698563424,0.06798702959098864
2020-09-14,0.3178399854855138,0.4854887215837172,0.0671574735593169
2020-09-21,0.42869312061187737,0.47560579479652615,0.0663021210763294
2020-09-28,0.3360311030360097,0.462754205234958,0.06551162321162245
2020-10-14,0.32897422580648195,0.44271840269462176,0.06446374292665151
2020-10-21,0.3732353576818092,0.3974424615452292,0.06167920344508316
2020-10-29,0.4162848166540906,0.3529421339180278,0.059585281301299996
2020-11-05,0.5505482649266119,0.3091060539808561,0.057597790616674645
2020-11-12,0.6988350252761001,0.28139901543909995,0.05739792412732632
2020-11-19,0.5113876078823861,0.22343973471715356,0.056494769070810885
2020-11-26,0.401608769972631,0.11824645860341466,0.05339360273980168
2020-12-03,0.04716575083251589,0.021446814734868896,0.04937429933241521
2020-12-10,0.33659933905730444,-0.06515499063550209,0.04241258258190944
2020-12-17,0.18144062566017422,-0.02267014563928843,0.03675543295377906
2020-12-24,0.2433932316283247,0.0800915647319142,0.032129370581046916
2021-01-04,0.03692723533578268,0.1448410983860322,0.028184495147419025
2021-01-11,0.06162358533834248,0.14412348642063721,0.0268280848531325
2021-01-18,0.054641284258521536,0.1422679863188398,0.026038929985814876
2021-01-25,0.09063432116237291,0.14761072063701472,0.02549639111788293
2021-02-01,0.09520047914783836,0.15161487958555958,0.025713424427895443
2021-02-08,0.11726570038801509,0.14497982022827569,0.026471918486000053
2021-02-22,0.06375368448898991,0.14431216742406192,0.02661630710739313
2021-03-01,0.06409864508015285,0.15210788394765978,0.026618086048503433
2021-03-08,0.05531251619006039,0.16001363268634095,0.026423027675592327
2021-03-15,0.1465588346097007,0.18434255154893264,0.02606188083478716
2021-03-22,0.09647309172058482,0.19913115112224755,0.02503782401632406
2021-03-29,0.04205211567033125,0.20839173123776097,0.023803911181347198
2021-04-08,0.030177088114248622,0.2074038927890077,0.022803785616912736
2021-04-15,0.057475021147925735,0.19604865313907333,0.02049798562598342
2021-04-22,0.13629266036568394,0.19331135077237974,0.020200016541557616
2021-04-29,0.12276049360702973,0.18882403191788738,0.01966470261040361
2021-05-11,0.21451098440394778,0.1975209942560996,0.020077725783093425
2021-05-18,0.9774422110564925,0.2145044462269013,0.024614161094545266
2021-05-26,0.31482934774238763,0.22280044804338694,0.0281756438149214
2021-06-02,0.4584338354009204,0.23322835837562284,0.030971077065312727
2021-06-09,0.8973761766876986,0.2605932503899453,0.0339577631208187
2021-06-17,0.9604310893705736,0.32053358837294765,0.04228430764510171
2021-06-24,0.9867436852124849,0.3738674257767437,0.050162614143524846
2021-07-02,0.9612595174438684,0.42975283122852903,0.05639597465221941
2021-07-09,0.9194675147110214,0.4580499124800165,0.060254089429326
2021-07-16,0.8938948832932165,0.46147987687005987,0.06274453716792923
2021-07-23,0.8620721111502574,0.45246342432546116,0.06428063488677042
2021-07-30,0.8974466447518403,0.4325861255257861,0.0655475771507789
2021-08-06,0.830711364914966,0.4154191371743109,0.06620427867939022
2021-08-13,0.7459208714472141,0.41869142768820644,0.06576350343444474
2021-08-20,0.7219836848919032,0.4317592757052826,0.06463165443579574
2021-08-27,0.7342742632550897,0.4584325318416782,0.06357029150944124
2021-09-03,0.9340029263405865,0.45491916589525794,0.06610262064122209
2021-09-10,0.9684094497960005,0.4712062769557317,0.07015606273036941
2021-09-17,0.9938334519763473,0.5193268989395508,0.08024696156067922
2021-09-29,0.9911986354411474,0.6106199699223416,0.09329773930821889
2021-10-15,0.9807323362393965,0.7351752613294196,0.10115033793747355
2021-10-22,0.9458388324677153,0.8737956013581368,0.10594418008906702
2021-10-29,0.8765777400424917,0.9450151372273609,0.10907787986602446
2021-11-05,0.8696587814866933,0.9407016654562729,0.10906261183038284
2021-11-12,0.7520663027380455,0.8936280334489675,0.10861121158269334
2021-11-19,0.6675906955965675,0.8606102046661976,0.10586786631535233
2021-11-26,0.3854646535231741,1.0484196590178216,0.09970291454220553
2021-12-03,0.3690502260093234,1.2982325138837016,0.0918553412446701
2021-12-10,0.37754713778680765,1.4008603632022543,0.08676263013080457
2021-12-17,0.23840360578663844,1.5058460246400787,0.08140976307725453
2021-12-24,0.44175581625539534,1.535857527536429,0.07796804776080153
2022-01-04,0.4355359200706764,1.4963397453849363,0.0766066154993934
2022-01-11,0.4466998741612569,1.4367526584714891,0.07581546124407282
2022-01-18,0.4150368668175004,1.2631603468426205,0.0761669000477474
2022-01-25,0.5060805333115638,1.1043692824315812,0.07445558648160536
2022-02-08,0.45692716863339883,0.9264307692675927,0.07212409737354344
2022-02-15,0.49201156277782837,0.8739561798678686,0.06837853100668242
2022-02-22,0.5332681879828526,0.8335905866820639,0.06711285468233305
2022-03-01,0.5062230388927142,0.8035652334147091,0.0659058643697869
2022-03-08,0.42898813660604673,0.7653501567960379,0.06437046475420359
2022-03-15,0.41811107694202254,0.749817437965022,0.062143780450069214
2022-03-22,0.7178330336875374,0.710133397026924,0.0633678167705183
2022-03-29,0.6779654724097948,0.6584439077134481,0.06489017025034617
2022-04-07,0.5564226989956718,0.5958908069544971,0.06677999968756686
2022-04-14,0.37548255074641146,0.5433941654709917,0.06832432184757915
2022-04-25,0.431191269674308,0.49702519525297373,0.07007816619478446
2022-05-05,0.28965325551788257,0.4552433646044962,0.07111329642853642
2022-05-13,0.27913042001450084,0.41292952136547434,0.07174508242033183
2022-05-20,0.24476900121558826,0.36091643047268074,0.07166518021877051
2022-05-27,0.08501775440556703,0.3111844234847261,0.0700796171381867
2022-06-06,0.2617403334862389,0.2657334582969072,0.06653132374987603
2022-06-13,0.27546394756735654,0.234364722068581,0.06357567152497158
2022-06-20,0.34984087622612386,0.23571073089905092,0.06374768265240038
2022-06-27,0.3887705172110175,0.22409153654936848,0.06386496177706841
2022-07-05,0.12392862699860119,0.23479847301221393,0.06208710013986923
2022-07-12,0.10214603177568893,0.2552558965047223,0.05571759460388223
2022-07-19,0.03350707047487515,0.26966465307251797,0.04973641607150578
2022-07-26,0.013251774393624861,0.2849840425870966,0.04468095179359229
2022-08-02,0.08750511636754477,0.3000973980673501,0.04054222419813587
2022-08-09,0.1478737800995829,0.3002498552685667,0.040841543089371546
2022-08-16,0.11307820474529379,0.289129436222704,0.04078937466636616
2022-08-23,0.10336365283330806,0.27385336208594296,0.04042669336689471
2022-08-30,0.07932454404736017,0.26350783541408973,0.040179640272931104
2022-09-06,0.09504492072787935,0.2497988232730438,0.03986346114130826
2022-09-14,0.10097026135606385,0.25378801213651186,0.040008727420618395
2022-09-21,0.30652201738734325,0.23882164114969767,0.039932122560489
2022-09-28,0.06495373608511314,0.22068371742933873,0.03981153493738876
2022-10-12,0.039239984682546386,0.18556966614016268,0.039260383545200624
2022-10-19,0.056187494029991764,0.17211656374075845,0.038969930155675576
2022-10-26,0.05950013008667137,0.18308838201905586,0.03881683943621383
2022-11-02,0.09649205228365881,0.1751332727744923,0.03960105740708072
2022-11-09,0.03218341885827935,0.1546338396100761,0.03985217572374931
2022-11-16,0.041578110562501845,0.17448067712790366,0.03892645170661036
2022-11-23,0.08302332962542225,0.20848250459921458,0.03765225314100973
2022-11-30,0.0060570832328751024,0.275353827656579,0.034475906129406694
2022-12-07,0.004259872976804532,0.3349093648899921,0.029464675922793535
2022-12-14,0.04771733003338206,0.41054251867743574,0.026305361139849794
2022-12-21,0.05265423097581266,0.4421502336527975,0.026307416160332445
2022-12-30,0.033428572202182164,0.4758974167596827,0.025651474874039452
2023-01-09,0.05502719196385192,0.47373646560825994,0.025629181304804325
2023-01-16,0.07078690557498382,0.45153228140677376,0.02592860509055064
2023-01-30,0.06792051983549037,0.3896132249851631,0.02668475299311134
2023-02-06,0.11730389468011088,0.3236880198912191,0.027253291238180082
2023-02-13,0.09834025537612684,0.27089464765358606,0.027733225548564663
2023-02-20,0.08978465940476993,0.23426282789307207,0.02771632635378792
2023-02-27,0.10820764592670468,0.2223768200648893,0.027503679273830368
2023-03-06,0.14897304114218574,0.2349990633895272,0.027620150206490633
2023-03-13,0.0010578461923687658,0.26038210095580605,0.027135108787355696
2023-03-20,0.5675249814428327,0.2945225771137515,0.02465881466436342
2023-03-27,0.35489750106076645,0.330574563919813,0.026745683778165264
2023-04-03,0.6305598466353372,0.37664091422626883,0.029745035688331135
2023-04-13,0.9908520566332268,0.48081850841170815,0.039052288221151504
2023-04-20,0.9479292108681916,0.6345456108001074,0.05194461243845194
2023-04-27,0.878887840785807,0.7725406388125023,0.06341319305484817
2023-05-09,0.7795292148730287,0.9318021308886179,0.07609010121400049
2023-05-16,0.5363064590438751,1.040071902482007,0.07936163455015625
2023-05-23,0.48632914114163933,1.1369802970716933,0.08077279451283538
2023-05-31,0.9429607855120472,1.229997478935809,0.08285569243301963
2023-06-07,0.9071542187965128,1.2930885147361986,0.08770503295844788
2023-06-14,0.8896711356234999,1.3559993204240564,0.09096319229785887
2023-06-21,0.8999424380646255,1.4186716221107067,0.09346114062062091
2023-06-30,0.9119152201394839,1.4600785995462666,0.09785851013436284
2023-07-07,0.7836682477396342,1.5350198991896304,0.10057807534650368
2023-07-14,0.7175078324566313,1.6316531164959995,0.10032838529654402
2023-07-24,0.7259926487260238,1.7077353884657938,0.10015202482415625
2023-07-31,0.6201796169725203,1.7615807258622656,0.09922821158691844
2023-08-07,0.6346798433863796,1.8011546848958506,0.09828480788298895
2023-08-14,0.6937790161027599,1.7888119577654458,0.09851620965248083
2023-08-21,0.6962233904589097,1.7652450641652484,0.09872386560824643
2023-08-28,0.6924748765514939,1.7472895220571885,0.09906138537051948
2023-09-05,0.7695369396897256,1.7052993109786931,0.10054799603325609
2023-09-13,0.6884082558478231,1.6786826122359917,0.10146283583409817
2023-09-20,0.8147382219668753,1.6311927773313022,0.10335914489892796
2023-09-27,0.794881779176222,1.5966587239687335,0.10476283319229268
2023-10-12,0.8410852369596495,1.555480316663092,0.10665705461135326
2023-10-19,0.8316823522275578,1.5110128405687495,0.10815757761764942
2023-10-27,0.8530652508785308,1.4535084252865893,0.10948315674408046
2023-11-03,0.7504966823367395,1.3715653228502735,0.10903677708053104
2023-11-10,0.6685104937214624,1.2865478788603877,0.10633804250824934
2023-11-17,0.5946933260226087,1.180832863064071,0.10282976177871096
2023-11-24,0.4914758705252281,1.066272970287841,0.09845070263918873
2023-12-01,0.5304988820071521,0.9478593550113488,0.09295327791016535
2023-12-08,0.2620327008308875,0.8264682983443754,0.08760106761084394
2023-12-15,0.2372612282320002,0.7396509637156429,0.07992634517333384
2023-12-22,0.28615145640380446,0.6193626524817505,0.07390729536159432
2024-01-03,0.022883612108775046,0.4525295130867327,0.06572180932329232
2024-01-10,0.010183784985895127,0.2962235664544901,0.05373120919523421
2024-01-17,0.12135811174291533,0.2104274165984885,0.04701131908606794
2024-01-24,0.2560283956658313,0.17019549997259636,0.04640009919091987
2024-01-31,0.27807633720672664,0.22073021724207892,0.04839690115836029
2024-02-07,0.48070348472356295,0.2771522328216867,0.04843701272512509
2024-02-22,0.7289002685684483,0.3456010641088508,0.050777395941855534
2024-02-29,0.5176513814702018,0.4005587116348568,0.05207620730906851
2024-03-07,0.5772153332755438,0.4443682720108538,0.05283729388255446
2024-03-14,0.5006872355130777,0.46822648967126457,0.05269462748998582
2024-03-21,0.5104510454084678,0.4911972248676308,0.052375309882977915
2024-03-28,0.5312220673839667,0.5184181336464639,0.05236361534568614
2024-04-10,0.41536748092646825,0.5871282856283827,0.05296058693078939
2024-04-17,0.6959627305059638,0.6649373839344389,0.052854892240116566
2024-04-24,0.23717526302384345,0.7296103727064074,0.05207409784684561
2024-05-06,0.12484263757748815,0.7633671304806628,0.04806611133213262
2024-05-13,0.1180894934894447,0.7741115993341188,0.04498860429706194
2024-05-21,0.14267105568193,0.7865004179008597,0.042900786325509525
2024-05-28,0.11971059857888777,0.793335469537997,0.04132321961805325
2024-06-04,0.17902533511127228,0.7907971732507285,0.04062627175282047
2024-06-12,0.30400012816226585,0.7783393839084737,0.041409471064327665
2024-06-19,0.6741337955689651,0.7478264601496909,0.04550325346857539
2024-06-26,0.5806042485713686,0.7170232095994179,0.04890727028064513
2024-07-04,0.2010011790291507,0.7074476402166353,0.04899306008290082
2024-07-11,0.26015345281807867,0.705195705557761,0.04840005665221033
2024-07-18,0.22810840726060677,0.7032474785657363,0.0482699951464573
2024-07-25,0.35198597163939666,0.7016286657907127,0.048486302030925084
2024-08-01,0.5021736520271537,0.6905479284974186,0.05125780754793792
2024-08-08,0.5828842292489138,0.6782322422223912,0.054537579307802876
2024-08-15,0.4825576701115756,0.6649463835465386,0.05702998993938073
2024-08-22,0.6367895115581363,0.650156537540932,0.058866931899156795
2024-08-29,0.7277606897719175,0.6327112145130566,0.060716146803502756
2024-09-05,0.8613855329266404,0.6115317912829554,0.06450799258406112
2024-09-13,0.8944076450092484,0.5899685395539191,0.06964773838033265
2024-09-25,0.7275332860009568,0.561611444544119,0.07244216269761684
2024-10-09,0.6421493809470782,0.5307730417561736,0.07206698786533915
2024-10-17,0.688157770031012,0.49898043506744244,0.07248541161129143
2024-10-24,0.6996559366048687,0.47549107864311246,0.0729050308887788
2024-10-31,0.6777401155202855,0.433425711527582,0.07299166775235895
2024-11-07,0.6869025683801033,0.35805568828484635,0.07120330346984735
2024-11-14,0.7708464548877456,0.3616901246294735,0.07215705701942847
2024-11-21,0.7151102756778647,0.3569898778931065,0.07290920813693655
2024-11-28,0.7371223889153528,0.3889758736952842,0.07388302610084034
2024-12-05,0.6985063783640555,0.42247993902018144,0.07442070638756076
2024-12-12,0.724403610551559,0.4608255372724869,0.07437403109361918
2024-12-19,0.7221926835994849,0.472452406069582,0.07453650572199028
2024-12-30,0.45144824530043814,0.48621924135433864,0.07455927725376664
