date,601857,00857
2018-01-02,1.7749523509116738,1.096165297225058
2018-01-03,1.7783364488959144,1.0817360154182083
2018-01-04,1.8115620965242347,1.1313827564650836
2018-01-05,1.8164520818184267,1.1348194913975163
2018-01-08,1.8082887711792655,1.1279043886811098
2018-01-09,1.8066480817218056,1.1313827564650836
2018-01-10,1.8341801851120072,1.1382739302391929
2018-01-11,1.8357763546448294,1.1485370470372838
2018-01-12,1.8341801851120072,1.1569906247668904
2018-01-15,1.8421356765531218,1.1536293744636825
2018-01-16,1.8293763327993617,1.151915428628911
2018-01-17,1.8421356765531218,1.1382739302391929
2018-01-18,1.8325814637483102,1.1399819731788172
2018-01-19,1.8625285401162623,1.1348194913975163
2018-01-22,1.8578592709325787,1.1468435665309509
2018-01-23,1.884034745337226,1.151915428628911
2018-01-24,1.8991179875485542,1.2031476639912646
2018-01-25,1.890095369948917,1.2254375789014282
2018-01-26,1.8961194845522977,1.2301538695964134
2018-01-29,1.8961194845522977,1.2457072784100605
2018-01-30,1.8748743759385615,1.2095631491891488
2018-01-31,1.864080130807681,1.2015165903004688
2018-02-01,1.8625285401162623,1.185254708712607
2018-02-02,1.8961194845522977,1.2222719490171818
2018-02-05,1.900613874140137,1.1966629523381291
2018-02-06,1.8421356765531218,1.1365629648965838
2018-02-07,1.81319474994812,1.1103893329022883
2018-02-08,1.7884205679625405,1.0943806813667976
2018-02-09,1.7387102481382397,1.0596621522389782
2018-02-12,1.742219023667919,1.0427809938160644
2018-02-13,1.7457155307266483,1.0465678350380987
2018-02-14,1.747459210331475,1.05220528252042
2018-02-22,1.7647307968401356,1.0780802754346681
2018-02-23,1.7681496035889213,1.0943806813667976
2018-02-26,1.776645831418007,1.1033026052493429
2018-02-27,1.7613002617433464,1.1033026052493429
2018-02-28,1.7457155307266483,1.0871481592665337
2018-03-01,1.747459210331475,1.07441112196509
2018-03-02,1.7404661748405046,1.0540667035142568
2018-03-05,1.7457155307266483,1.0332997791899363
2018-03-06,1.7578579175523736,1.0596621522389782
2018-03-07,1.747459210331475,1.0390123083938572
2018-03-08,1.749199854809259,1.0559246660566146
2018-03-09,1.749199854809259,1.0540667035142568
2018-03-12,1.7509374747078,1.0689294120629933
2018-03-13,1.7439688053917064,1.0652264660502984
2018-03-14,1.7439688053917064,1.061509757249786
2018-03-15,1.7387102481382397,1.057811127264177
2018-03-16,1.7334238922150915,1.0484397694860934
2018-03-19,1.7404661748405046,1.05220528252042
2018-03-20,1.7544036826842861,1.05220528252042
2018-03-21,1.749199854809259,1.0762630615373423
2018-03-22,1.7509374747078,1.0871481592665337
2018-03-23,1.7227665977411035,1.057811127264177
2018-03-26,1.713797927758343,1.0725872220884038
2018-03-27,1.7191887763932197,1.0817360154182083
2018-03-28,1.6937790608678513,1.079894193054781
2018-03-29,1.706564623164823,1.061509757249786
2018-04-03,1.6789639750827108,1.057811127264177
2018-04-04,1.6752256529721035,1.0465678350380987
2018-04-09,1.6770965609079151,1.057811127264177
2018-04-10,1.691939133945844,1.0503403901758177
2018-04-11,1.7047480922384253,1.0871481592665337
2018-04-12,1.7101878155342434,1.1156791510258643
2018-04-13,1.6956156086751528,1.1174562866913975
2018-04-16,1.6863989535702288,1.0979467339023312
2018-04-17,1.682688374173693,1.0853473639463076
2018-04-18,1.6992786164338898,1.1033026052493429
2018-04-19,1.713797927758343,1.1586959014204306
2018-04-20,1.6992786164338898,1.1468435665309509
2018-04-23,1.6900958154515549,1.1382739302391929
2018-04-24,1.7083778602890038,1.145117940563481
2018-04-25,1.6992786164338898,1.1279043886811098
2018-04-26,1.6863989535702288,1.1033026052493429
2018-04-27,1.7011051009599243,1.124443764702375
2018-05-02,1.6956156086751528,1.1174562866913975
2018-05-03,1.706564623164823,1.0997556347987465
2018-05-04,1.706564623164823,1.092562022665382
2018-05-07,1.724550719534605,1.1192002284407443
2018-05-08,1.724550719534605,1.1174562866913975
2018-05-09,1.7316555451583497,1.1603694453952973
2018-05-10,1.7457155307266483,1.1770376892052348
2018-05-11,1.742219023667919,1.1737148137091578
2018-05-14,1.7439688053917064,1.1885395215262415
2018-05-15,1.7457155307266483,1.1934326515620186
2018-05-16,1.7316555451583497,1.1918135796621199
2018-05-17,1.7334238922150915,1.1885395215262415
2018-05-18,1.8050046959780757,1.2503028019085423
2018-05-21,1.8082887711792655,1.2394936043111848
2018-05-23,1.7749523509116738,1.1934326515620186
2018-05-24,1.7749523509116738,1.2079425145896128
2018-05-25,1.7613002617433464,1.1770376892052348
2018-05-28,1.7613002617433464,1.2394936043111848
2018-05-29,1.7509374747078,1.2317120881697181
2018-05-30,1.7209792871670078,1.214354725199048
2018-05-31,1.742219023667919,1.2472414673103749
2018-06-01,1.7457155307266483,1.2457072784100605
2018-06-04,1.7404661748405046,1.2441442192651815
2018-06-05,1.742219023667919,1.2285662900521828
2018-06-06,1.742219023667919,1.257967686137671
2018-06-07,1.7369512327330598,1.2625333680274962
2018-06-08,1.7334238922150915,1.2564498777704987
2018-06-11,1.715598108262491,1.2564498777704987
2018-06-12,1.7227665977411035,1.2533810631497906
2018-06-13,1.7173950539391927,1.2243834820161184
2018-06-14,1.7119945007591924,1.2001599446060096
2018-06-15,1.713797927758343,1.1869967225834965
2018-06-19,1.667706820558076,1.151624637967058
2018-06-20,1.6695918352538475,1.155050591438456
2018-06-21,1.6582280766035324,1.1412757865797176
2018-06-22,1.6620303625532709,1.1308187155423208
2018-06-25,1.6620303625532709,1.1343165700053612
2018-06-26,1.665818245870208,1.1290651894662644
2018-06-27,1.6900958154515549,1.132569172146292
2018-06-28,1.715598108262491,1.156759176769329
2018-06-29,1.715598108262491,1.1753350298081109
2018-07-03,1.691939133945844,1.1601387781893844
2018-07-04,1.6863989535702288,1.143008049670885
2018-07-05,1.6789639750827108,1.1273085831344092
2018-07-06,1.682688374173693,1.1220201739105764
2018-07-09,1.7029282555214393,1.1343165700053612
2018-07-10,1.7227665977411035,1.156759176769329
2018-07-11,1.7011051009599243,1.1412757865797176
2018-07-12,1.706564623164823,1.1378022321172392
2018-07-13,1.7011051009599243,1.1378022321172392
2018-07-16,1.6863989535702288,1.132569172146292
2018-07-17,1.6620303625532709,1.1041873855612083
2018-07-18,1.6582280766035324,1.0951503029049323
2018-07-19,1.6524974018945473,1.0969642647557287
2018-07-20,1.6695918352538475,1.118478966200611
2018-07-23,1.682688374173693,1.1095706921034196
2018-07-24,1.6974487897568136,1.1149251737602581
2018-07-25,1.6992786164338898,1.1395405175452957
2018-07-26,1.6992786164338898,1.1499072497209382
2018-07-27,1.6992786164338898,1.161838699365149
2018-07-30,1.7011051009599243,1.1669211929694912
2018-07-31,1.7191887763932197,1.1786808421614863
2018-08-01,1.6992786164338898,1.1584648478149666
2018-08-02,1.6956156086751528,1.1273085831344092
2018-08-03,1.7029282555214393,1.125548885706113
2018-08-06,1.7011051009599243,1.1290651894662644
2018-08-07,1.7457155307266483,1.1601387781893844
2018-08-08,1.7613002617433464,1.1919532581225316
2018-08-09,1.7613002617433464,1.1836786642571413
2018-08-10,1.7561322915849038,1.1686096332807532
2018-08-13,1.7526720805200082,1.1481869069776842
2018-08-14,1.766441661243765,1.1584648478149666
2018-08-15,1.763017000362401,1.1464635995542776
2018-08-16,1.7457155307266483,1.1360609197905762
2018-08-17,1.7526720805200082,1.1308187155423208
2018-08-20,1.7749523509116738,1.1395405175452957
2018-08-21,1.7749523509116738,1.1447373172149633
2018-08-22,1.7526720805200082,1.156759176769329
2018-08-23,1.7613002617433464,1.1464635995542776
2018-08-24,1.7698546338400052,1.1464635995542776
2018-08-27,1.7850704810772584,1.1820154973738841
2018-08-28,1.7749523509116738,1.1786808421614863
2018-08-29,1.7749523509116738,1.1919532581225316
2018-08-30,1.7715567619105355,1.1919532581225316
2018-08-31,1.7578579175523736,1.153339081846688
2018-09-03,1.7613002617433464,1.132569172146292
2018-09-04,1.7833912195575383,1.1447373172149633
2018-09-05,1.7783364488959144,1.1220201739105764
2018-09-06,1.7833912195575383,1.1378022321172392
2018-09-07,1.7783364488959144,1.1464635995542776
2018-09-10,1.7749523509116738,1.151624637967058
2018-09-11,1.7833912195575383,1.1360609197905762
2018-09-12,1.7867469274045107,1.1395405175452957
2018-09-13,1.8180767775454285,1.1882311520972249
2018-09-14,1.8325814637483102,1.1932652828763088
2018-09-17,1.8341801851120072,1.1982741980682698
2018-09-18,1.8261608959453874,1.206567036394155
2018-09-19,1.8625285401162623,1.2262206748706983
2018-09-20,1.8671761085128091,1.2245997976214287
2018-09-21,1.8594181177018698,1.2148189714217315
2018-09-26,1.8870696490323797,1.242286567863184
2018-09-27,1.8931119634883424,1.235891150749462
2018-09-28,1.8991179875485542,1.2534073322770003
2018-10-08,1.8625285401162623,1.2180898877405615
2018-10-09,1.9050881545350582,1.2342858851346619
2018-10-10,1.916922612182061,1.235891150749462
2018-10-11,1.8625285401162623,1.1966073458099085
2018-10-12,1.8702625307159986,1.1915900535365733
2018-10-15,1.8625285401162623,1.1982741980682698
2018-10-16,1.8718021769015913,1.206567036394155
2018-10-18,1.8082887711792655,1.1915900535365733
2018-10-19,1.8261608959453874,1.1848609304047033
2018-10-22,1.8468787684491346,1.2032581490206555
2018-10-23,1.8261608959453874,1.1848609304047033
2018-10-24,1.80005827204275,1.166090235458103
2018-10-25,1.7967470107390942,1.1381855037878361
2018-10-26,1.7934247485471162,1.1221100413561549
2018-10-29,1.791759469228055,1.1256981327550297
2018-10-30,1.7950872593207297,1.120311156179566
2018-10-31,1.801709800081223,1.1539776144045184
2018-11-01,1.7884205679625405,1.1626444316178846
2018-11-02,1.801709800081223,1.1678086949959956
2018-11-05,1.7984040119467235,1.1643688177327727
2018-11-06,1.8066480817218056,1.1865474610495743
2018-11-07,1.7867469274045107,1.1932652828763088
2018-11-08,1.791759469228055,1.206567036394155
2018-11-09,1.7749523509116738,1.183171550568291
2018-11-12,1.7783364488959144,1.1915900535365733
2018-11-13,1.7698546338400052,1.1780862192339945
2018-11-14,1.742219023667919,1.1417164770018333
2018-11-15,1.747459210331475,1.1469896692414159
2018-11-16,1.7457155307266483,1.143477299173586
2018-11-19,1.7526720805200082,1.1417164770018333
2018-11-20,1.742219023667919,1.1185090291825606
2018-11-21,1.7263316639055997,1.0984682782991144
2018-11-22,1.728109442151599,1.0966263179330529
2018-11-23,1.7173950539391927,1.089193403239469
2018-11-26,1.7119945007591924,1.074222596859272
2018-11-27,1.706564623164823,1.0798629464723732
2018-11-28,1.713797927758343,1.0929321873929105
2018-11-29,1.706564623164823,1.0984682782991144
2018-11-30,1.713797927758343,1.1094493549680404
2018-12-03,1.728109442151599,1.1469896692414159
2018-12-04,1.728109442151599,1.1417164770018333
2018-12-05,1.7209792871670078,1.120311156179566
2018-12-06,1.7119945007591924,1.0984682782991144
2018-12-07,1.7083778602890038,1.0761062504473407
2018-12-10,1.713797927758343,1.0854716608918702
2018-12-11,1.7083778602890038,1.072335388423208
2018-12-12,1.7173950539391927,1.089193403239469
2018-12-13,1.7263316639055997,1.102142051718355
2018-12-14,1.7227665977411035,1.087334263485433
2018-12-17,1.728109442151599,1.0761062504473407
2018-12-18,1.715598108262491,1.0532647917136533
2018-12-19,1.6937790608678513,1.0239260980962823
2018-12-20,1.6900958154515549,1.005920810403281
2018-12-21,1.6845453849209058,0.991654943200353
2018-12-24,1.6882490928583902,0.9854928614651022
2018-12-27,1.6601310267496185,0.9834303671792608
2018-12-28,1.6582280766035324,0.9772172375308426
2019-01-02,1.6524974018945473,0.9390693187634946
2019-01-03,1.6582280766035324,0.9667754594596554
2019-01-04,1.6695918352538475,0.991654943200353
2019-01-07,1.673351238177753,0.9977792861153029
2019-01-08,1.6752256529721035,1.005920810403281
2019-01-09,1.6752256529721035,1.0219414454205007
2019-01-10,1.6789639750827108,1.0219414454205007
2019-01-11,1.682688374173693,1.0278836258523742
2019-01-14,1.673351238177753,0.9957420031451962
2019-01-15,1.6770965609079151,1.017960284299925
2019-01-16,1.6770965609079151,1.017960284299925
2019-01-17,1.673351238177753,1.0139632101620935
2019-01-18,1.6789639750827108,1.0259068197262933
2019-01-21,1.6845453849209058,1.041612921003177
2019-01-22,1.673351238177753,1.0079374822349167
2019-01-23,1.665818245870208,0.9957420031451962
2019-01-24,1.6695918352538475,1.005920810403281
2019-01-25,1.6695918352538475,1.0239260980962823
2019-01-28,1.667706820558076,1.0139632101620935
2019-01-29,1.667706820558076,1.0119586658586395
2019-01-30,1.6639260977181702,1.0119586658586395
2019-01-31,1.673351238177753,1.0278836258523742
2019-02-01,1.6789639750827108,1.0298565319243784
2019-02-11,1.6789639750827108,1.0018752246819003
2019-02-12,1.6863989535702288,0.999812427000678
2019-02-13,1.7029282555214393,1.0219414454205007
2019-02-14,1.6992786164338898,1.0239260980962823
2019-02-15,1.691939133945844,1.0119586658586395
2019-02-18,1.7083778602890038,1.057108117073531
2019-02-19,1.7101878155342434,1.059024254727474
2019-02-20,1.7083778602890038,1.072335388423208
2019-02-21,1.7011051009599243,1.072335388423208
2019-02-22,1.7083778602890038,1.0779863625544477
2019-02-25,1.7439688053917064,1.0761062504473407
2019-02-26,1.7369512327330598,1.0704446116962936
2019-02-27,1.742219023667919,1.0685502531592754
2019-02-28,1.742219023667919,1.0532647917136533
2019-03-01,1.747459210331475,1.057108117073531
2019-03-04,1.7526720805200082,1.0513375756223415
2019-03-05,1.747459210331475,1.0532647917136533
2019-03-06,1.7613002617433464,1.0474719650360769
2019-03-07,1.7561322915849038,1.041612921003177
2019-03-08,1.7191887763932197,1.0219414454205007
2019-03-11,1.7263316639055997,1.0278836258523742
2019-03-12,1.7316555451583497,1.0396630958696436
2019-03-13,1.7227665977411035,1.0357520029498066
2019-03-14,1.7209792871670078,1.0396630958696436
2019-03-15,1.724550719534605,1.0357520029498066
2019-03-18,1.7387102481382397,1.060936727818596
2019-03-19,1.7369512327330598,1.0854716608918702
2019-03-20,1.7334238922150915,1.089193403239469
2019-03-21,1.7404661748405046,1.0910799920124965
2019-03-22,1.7334238922150915,1.0704446116962936
2019-03-25,1.7119945007591924,1.0318255533008953
2019-03-26,1.7047480922384253,1.0318255533008953
2019-03-27,1.7047480922384253,1.037709461489485
2019-03-28,1.6974487897568136,1.037709461489485
2019-03-29,1.7119945007591924,1.0337907052499689
2019-04-01,1.7227665977411035,1.045501202747306
2019-04-02,1.7191887763932197,1.045501202747306
2019-04-03,1.728109442151599,1.0532647917136533
2019-04-04,1.728109442151599,1.057108117073531
2019-04-08,1.7334238922150915,1.0704446116962936
2019-04-09,1.728109442151599,1.074222596859272
2019-04-10,1.7227665977411035,1.060936727818596
2019-04-11,1.713797927758343,1.0474719650360769
2019-04-12,1.7173950539391927,1.037709461489485
2019-04-15,1.713797927758343,1.0259068197262933
2019-04-16,1.728109442151599,1.0259068197262933
2019-04-17,1.7227665977411035,1.0278836258523742
2019-04-18,1.7209792871670078,1.0239260980962823
2019-04-23,1.724550719534605,1.037709461489485
2019-04-24,1.7191887763932197,1.0337907052499689
2019-04-25,1.6992786164338898,1.0318255533008953
2019-04-26,1.6882490928583902,1.0259068197262933
2019-04-29,1.6845453849209058,1.0278836258523742
2019-04-30,1.6863989535702288,1.0119586658586395
2019-05-06,1.6770965609079151,0.9730536008298726
2019-05-07,1.6695918352538475,0.9688725557509092
2019-05-08,1.6639260977181702,0.9540996797248272
2019-05-09,1.6582280766035324,0.941225266418563
2019-05-10,1.6695918352538475,0.9325734460480494
2019-05-14,1.6601310267496185,0.9216523327694927
2019-05-15,1.667706820558076,0.9216523327694927
2019-05-16,1.6695918352538475,0.928219302739429
2019-05-17,1.6582280766035324,0.9238461179272062
2019-05-20,1.6620303625532709,0.9347434288163721
2019-05-21,1.6620303625532709,0.9325734460480494
2019-05-22,1.6563214983329508,0.928219302739429
2019-05-23,1.6582280766035324,0.9128287461109776
2019-05-24,1.6524974018945473,0.9083875841110096
2019-05-27,1.6544112780768316,0.9061595846746967
2019-05-28,1.6544112780768316,0.9106106305989561
2019-05-29,1.6505798557652755,0.8949069191629228
2019-05-30,1.6563214983329508,0.9016512963332489
2019-05-31,1.6505798557652755,0.8835642137140486
2019-06-03,1.6486586255873816,0.8858430707145402
2019-06-04,1.6428726885203377,0.8743964960419223
2019-06-05,1.6428726885203377,0.8628173786737688
2019-06-06,1.6331544390514163,0.8604853787052076
2019-06-10,1.6370530794670737,0.8766963169030467
2019-06-11,1.6448050562713916,0.8766963169030467
2019-06-12,1.6389967146756448,0.8604853787052076
2019-06-13,1.6389967146756448,0.848703728833745
2019-06-14,1.62924053973028,0.8581479277987296
2019-06-17,1.631199404215613,0.8604853787052076
2019-06-18,1.6193882432872684,0.8604853787052076
2019-06-19,1.6213664832993742,0.8812801516604987
2019-06-20,1.6272778305624314,0.8980974329141723
2019-06-21,1.6331544390514163,0.902696345508343
2019-06-24,1.631199404215613,0.902696345508343
2019-06-25,1.623340817603092,0.8911780310590799
2019-06-26,1.6272778305624314,0.8888356672241113
2019-06-27,1.6272778305624314,0.9003808380501168
2019-06-28,1.6253112615903906,0.8911780310590799
2019-07-02,1.62924053973028,0.8980974329141723
2019-07-03,1.6253112615903906,0.8818516564481189
2019-07-04,1.6272778305624314,0.8771556470546634
2019-07-05,1.6213664832993742,0.8771556470546634
2019-07-08,1.6054298910365616,0.8652988657367552
2019-07-09,1.599387576580599,0.8652988657367552
2019-07-10,1.5933085305042167,0.8676969484207678
2019-07-11,1.5933085305042167,0.8865257163721179
2019-07-12,1.5933085305042167,0.8841724168726456
2019-07-15,1.589235205116581,0.8818516564481189
2019-07-16,1.5871923034867805,0.8794873186956824
2019-07-17,1.5830939370944985,0.8794873186956824
2019-07-18,1.572773928062509,0.8747801670104101
2019-07-19,1.5769147207285403,0.8865257163721179
2019-07-22,1.5602476682433286,0.8747801670104101
2019-07-23,1.5602476682433286,0.8747801670104101
2019-07-24,1.5644405465033646,0.8747801670104101
2019-07-25,1.5644405465033646,0.8818516564481189
2019-07-26,1.5748464676644813,0.8771556470546634
2019-07-29,1.5748464676644813,0.8676969484207678
2019-07-30,1.5748464676644813,0.8676969484207678
2019-07-31,1.5706970841176697,0.8557268082155499
2019-08-01,1.5623463049002497,0.8581479277987296
2019-08-02,1.541159071680806,0.8214841052656365
2019-08-05,1.5282278570085572,0.7963281226721034
2019-08-06,1.5151272329628591,0.7834667461212376
2019-08-07,1.5216989981260935,0.7834667461212376
2019-08-08,1.5173226235262947,0.7886228012236312
2019-08-09,1.5173226235262947,0.786069056089286
2019-08-12,1.5195132049061133,0.7782839682711571
2019-08-13,1.5107219394949427,0.7599512583847784
2019-08-14,1.5107219394949427,0.7704803746607901
2019-08-15,1.5040773967762742,0.7678371261913891
2019-08-16,1.5040773967762742,0.7652296742449661
2019-08-19,1.5173226235262947,0.7782839682711571
2019-08-20,1.5195132049061133,0.791211745378895
2019-08-21,1.5173226235262947,0.7886228012236312
2019-08-22,1.5129270120532565,0.7782839682711571
2019-08-23,1.5085119938441398,0.7730741892329182
2019-08-26,1.4996230464268938,0.7519593373240697
2019-08-27,1.5040773967762742,0.7466102193487382
2019-08-28,1.5040773967762742,0.7466102193487382
2019-08-29,1.5040773967762742,0.7519593373240697
2019-08-30,1.5085119938441398,0.7886228012236312
2019-09-02,1.5151272329628591,0.7886228012236312
2019-09-03,1.5129270120532565,0.7834667461212376
2019-09-04,1.5195132049061133,0.79375240773391
2019-09-05,1.5260563034950492,0.8115220410534564
2019-09-06,1.5303947050936475,0.8140116858306404
2019-09-09,1.541159071680806,0.8460622401800166
2019-09-10,1.545432582458188,0.8676969484207678
2019-09-11,1.541159071680806,0.8771556470546634
2019-09-12,1.534714366238164,0.8629338360407994
2019-09-16,1.5686159179138452,0.9140834977241009
2019-09-17,1.556037135706985,0.9117572712527825
2019-09-18,1.541159071680806,0.8953955399465444
2019-09-19,1.545432582458188,0.8763516807779409
2019-09-20,1.5496879080283263,0.8763516807779409
2019-09-23,1.547562508716013,0.8691253270680867
2019-09-24,1.5432981099295553,0.8691253270680867
2019-09-25,1.5260563034950492,0.8495302239513401
2019-09-26,1.5173226235262947,0.8295835995065272
2019-09-27,1.5195132049061133,0.8270922376135393
2019-09-30,1.5325568680981427,0.8446005115246878
2019-10-08,1.5195132049061133,0.8396066443828254
2019-10-09,1.5173226235262947,0.8346276454290684
2019-10-10,1.5151272329628591,0.8371401594629201
2019-10-11,1.5282278570085572,0.8691253270680867
2019-10-14,1.5260563034950492,0.8691253270680867
2019-10-15,1.5195132049061133,0.8642527392150343
2019-10-16,1.5151272329628591,0.8569381007344653
2019-10-17,1.5195132049061133,0.8593562929499524
2019-10-18,1.5107219394949427,0.8520056186260924
2019-10-21,1.5107219394949427,0.8446005115246878
2019-10-22,1.5129270120532565,0.8396066443828254
2019-10-23,1.5085119938441398,0.8421066952891461
2019-10-24,1.5107219394949427,0.8520056186260924
2019-10-25,1.5107219394949427,0.8569381007344653
2019-10-28,1.5129270120532565,0.8666920009026728
2019-10-29,1.506297153514587,0.8593562929499524
2019-10-30,1.4973884086254774,0.8396066443828254
2019-10-31,1.4816045409242156,0.7988972203433982
2019-11-01,1.4816045409242156,0.7884555421807992
2019-11-04,1.4816045409242156,0.8066472797461787
2019-11-05,1.4838746894587547,0.8270922376135393
2019-11-06,1.4747630091074988,0.832108802764335
2019-11-07,1.4701758451005926,0.8295835995065272
2019-11-08,1.4655675420143985,0.8245543185523505
2019-11-11,1.4445632692438664,0.7988972203433982
2019-11-12,1.43746264769429,0.7962866314786032
2019-11-13,1.425515074273172,0.7726069491267222
2019-11-14,1.4327007339340465,0.7645446254084479
2019-11-15,1.4134230285081433,0.7591764649575893
2019-11-18,1.4182774069729414,0.7618426745012438
2019-11-19,1.4206957878372228,0.7645446254084479
2019-11-20,1.4182774069729414,0.7618426745012438
2019-11-21,1.4327007339340465,0.7510046833136189
2019-11-22,1.4327007339340465,0.7510046833136189
2019-11-25,1.451613827240533,0.7645446254084479
2019-11-26,1.4422019930581866,0.7618426745012438
2019-11-27,1.4422019930581866,0.7564599507716976
2019-11-28,1.4350845252893227,0.7537360370309255
2019-11-29,1.430311246536665,0.7345462885182
2019-12-02,1.425515074273172,0.7317619409301463
2019-12-03,1.4279160358107101,0.7262143842641411
2019-12-04,1.4279160358107101,0.7149360692264338
2019-12-05,1.43746264769429,0.720591126709779
2019-12-06,1.4398351280479205,0.7262143842641411
2019-12-09,1.4398351280479205,0.7400479418838165
2019-12-10,1.4398351280479205,0.7373229050357696
2019-12-11,1.4398351280479205,0.7400479418838165
2019-12-12,1.43746264769429,0.7591764649575893
2019-12-13,1.4469189829363254,0.7937108095309466
2019-12-16,1.4609379041156563,0.7858175154012534
2019-12-17,1.4747630091074988,0.7988972203433982
2019-12-18,1.4701758451005926,0.8015010117754237
2019-12-19,1.4701758451005926,0.7937108095309466
2019-12-20,1.4678743481123135,0.8015010117754237
2019-12-23,1.451613827240533,0.7962866314786032
2019-12-24,1.4539530095937054,0.7910866280812654
2019-12-27,1.463255402256019,0.8169016847892873
2019-12-30,1.4701758451005926,0.81180805302705
2019-12-31,1.472472057360943,0.8143784863156693
2020-01-02,1.47932922708708,0.8194590752106998
2020-01-03,1.4929040961781488,0.8470881241083736
2020-01-06,1.5390154481375546,0.8859189432487191
2020-01-07,1.5195132049061133,0.8691253270680867
2020-01-08,1.5390154481375546,0.8715142620461706
2020-01-09,1.5107219394949427,0.8618075129777528
2020-01-10,1.4996230464268938,0.8396066443828254
2020-01-13,1.4951487660319727,0.8346276454290684
2020-01-14,1.4929040961781488,0.8245543185523505
2020-01-15,1.47932922708708,0.8220099420661034
2020-01-16,1.472472057360943,0.8220099420661034
2020-01-17,1.4747630091074988,0.8220099420661034
2020-01-20,1.4747630091074988,0.8092309955805269
2020-01-21,1.4655675420143985,0.7832145499112506
2020-01-22,1.4562867329399256,0.7910866280812654
2020-01-23,1.4398351280479205,0.7672392954450842
2020-02-03,1.3428648031925547,0.6686946391501818
2020-02-04,1.3506671834767394,0.6775643971853295
2020-02-05,1.358409157630355,0.6775643971853295
2020-02-06,1.3711807233098425,0.7121416382377606
2020-02-07,1.3737155789130306,0.7035746252989519
2020-02-10,1.3737155789130306,0.6892234929556098
2020-02-11,1.3762440252663892,0.6920826141101081
2020-02-12,1.3787660946990992,0.7035746252989519
2020-02-13,1.3737155789130306,0.6892234929556098
2020-02-14,1.3737155789130306,0.6892234929556098
2020-02-17,1.3912819026309295,0.6920826141101081
2020-02-18,1.3862943611198906,0.6804569997434273
2020-02-19,1.3812818192963463,0.6804569997434273
2020-02-20,1.3912819026309295,0.6804569997434273
2020-02-21,1.3887912413184778,0.6686946391501818
2020-02-24,1.3737155789130306,0.6202108294824329
2020-02-25,1.355835153635182,0.6108649670641954
2020-02-26,1.3609765531356006,0.6013805150864541
2020-02-27,1.3506671834767394,0.6013805150864541
2020-02-28,1.332366019094335,0.5561010470352014
2020-03-02,1.3506671834767394,0.5822402005561422
2020-03-03,1.355835153635182,0.5789970379492578
2020-03-04,1.3532545070416904,0.5626739640870437
2020-03-05,1.366091653802371,0.5789970379492578
2020-03-06,1.358409157630355,0.552771850100774
2020-03-09,1.3480731482996928,0.4514729926263008
2020-03-10,1.3480731482996928,0.476862552956667
2020-03-11,1.3428648031925547,0.4551564533934755
2020-03-12,1.332366019094335,0.390863014563939
2020-03-13,1.3270750014599193,0.39861234815823704
2020-03-16,1.324418957401803,0.3509948426635335
2020-03-17,1.3190856114264407,0.34280074075783507
2020-03-18,1.308332819650179,0.28804400694558935
2020-03-19,1.2947271675944,0.25280487257234496
2020-03-20,1.3001916620664788,0.34280074075783507
2020-03-23,1.2809338454620642,0.28375838484744537
2020-03-24,1.2864740258376797,0.3469061846004591
2020-03-25,1.2892326482767593,0.4178178314323073
2020-03-26,1.275362800412609,0.3947141902040207
2020-03-27,1.264126727145683,0.3869344714887297
2020-03-30,1.2383742310432684,0.4139939671025354
2020-03-31,1.2383742310432684,0.49463526436726296
2020-04-01,1.2237754316221157,0.476862552956667
2020-04-02,1.2584609896100056,0.5692560282826843
2020-04-03,1.2412685890696329,0.5120976144427357
2020-04-07,1.2499017362143359,0.5460800199347612
2020-04-08,1.244154593958768,0.525840336683133
2020-04-09,1.247032293786383,0.5427707027966159
2020-04-14,1.2325602611778486,0.5155647762220672
2020-04-15,1.2237754316221157,0.47325832696623116
2020-04-16,1.220829921392359,0.46242498372218516
2020-04-17,1.2237754316221157,0.46606839636370717
2020-04-20,1.2237754316221157,0.47325832696623116
2020-04-21,1.2149127443642704,0.44777591379885795
2020-04-22,1.2029723039923526,0.43666140387654834
2020-04-23,1.2237754316221157,0.4440651158431757
2020-04-24,1.208960345836975,0.4403997259871556
2020-04-27,1.2029723039923526,0.4551564533934755
2020-04-28,1.1817271953786161,0.46242498372218516
2020-04-29,1.184789984909162,0.476862552956667
2020-05-06,1.205970806988609,0.4403997259871556
2020-05-07,1.2029723039923526,0.42914257146252116
2020-05-08,1.205970806988609,0.4440651158431757
2020-05-11,1.205970806988609,0.46242498372218516
2020-05-12,1.1969481893889715,0.43290905425799797
2020-05-13,1.1969481893889715,0.4216271295053748
2020-05-14,1.1908875647772805,0.39861234815823704
2020-05-15,1.1939224684724346,0.390863014563939
2020-05-18,1.199964782928397,0.4440651158431757
2020-05-19,1.2029723039923526,0.47325832696623116
2020-05-20,1.1969481893889715,0.45876824806896577
2020-05-21,1.2029723039923526,0.4551564533934755
2020-05-22,1.184789984909162,0.3947141902040207
2020-05-25,1.1755733298042381,0.40249536946297465
2020-05-26,1.1786549963416462,0.42914257146252116
2020-05-27,1.169381359556317,0.42536184862261517
2020-05-28,1.1662709371419244,0.4178178314323073
2020-05-29,1.1568811967920856,0.42914257146252116
2020-06-01,1.1662709371419244,0.44777591379885795
2020-06-02,1.169381359556317,0.4403997259871556
2020-06-03,1.1755733298042381,0.4696985827237759
2020-06-04,1.172482137234565,0.45876824806896577
2020-06-05,1.1662709371419244,0.48403226615513095
2020-06-08,1.1755733298042381,0.4910946419032156
2020-06-09,1.1786549963416462,0.5051270175083246
2020-06-10,1.172482137234565,0.4910946419032156
2020-06-11,1.1631508098056809,0.45876824806896577
2020-06-12,1.1568811967920856,0.42914257146252116
2020-06-15,1.1505720275988207,0.40249536946297465
2020-06-16,1.1600209167967532,0.46242498372218516
2020-06-17,1.1568811967920856,0.476862552956667
2020-06-18,1.1662709371419244,0.476862552956667
2020-06-19,1.1662709371419244,0.476862552956667
2020-06-22,1.1600209167967532,0.46664549702607666
2020-06-23,1.1568811967920856,0.4703885551522523
2020-06-24,1.1568811967920856,0.455448211236537
2020-06-29,1.1537315878891892,0.4210234470240169
2020-06-30,1.1568811967920856,0.4210234470240169
2020-07-02,1.1878434223960523,0.44789349169434906
2020-07-03,1.2119409739751128,0.4703885551522523
2020-07-06,1.275362800412609,0.5418613930070215
2020-07-07,1.2725655957915476,0.5067356713013503
2020-07-08,1.2669476034873244,0.5103319019054089
2020-07-09,1.2809338454620642,0.5314255801696428
2020-07-10,1.2499017362143359,0.4923324747287987
2020-07-13,1.2584609896100056,0.49598078231427395
2020-07-14,1.2412685890696329,0.4703885551522523
2020-07-15,1.2267122912954254,0.4703885551522523
2020-07-16,1.208960345836975,0.4402812636284315
2020-07-17,1.2029723039923526,0.451707266962619
2020-07-20,1.2267122912954254,0.4629462846694364
2020-07-21,1.220829921392359,0.4591752129883931
2020-07-22,1.252762968495368,0.49956000429986835
2020-07-23,1.2383742310432684,0.5067356713013503
2020-07-24,1.2296405510745139,0.5279588089168032
2020-07-27,1.220829921392359,0.49956000429986835
2020-07-28,1.220829921392359,0.4814207056836718
2020-07-29,1.2296405510745139,0.47777584715794225
2020-07-30,1.220829921392359,0.46664549702607666
2020-07-31,1.2178757094949273,0.46664549702607666
2020-08-03,1.2237754316221157,0.4441241250781381
2020-08-04,1.235471471385307,0.4591752129883931
2020-08-05,1.2296405510745139,0.5031820862181109
2020-08-06,1.235471471385307,0.49956000429986835
2020-08-07,1.2178757094949273,0.47406038945551926
2020-08-10,1.220829921392359,0.4629462846694364
2020-08-11,1.2178757094949273,0.47406038945551926
2020-08-12,1.220829921392359,0.4814207056836718
2020-08-13,1.220829921392359,0.4814207056836718
2020-08-14,1.2237754316221157,0.47406038945551926
2020-08-17,1.2383742310432684,0.49598078231427395
2020-08-18,1.235471471385307,0.4887272432438382
2020-08-19,1.2325602611778486,0.47777584715794225
2020-08-20,1.220829921392359,0.4629462846694364
2020-08-21,1.220829921392359,0.46664549702607666
2020-08-24,1.220829921392359,0.47406038945551926
2020-08-25,1.2178757094949273,0.4814207056836718
2020-08-26,1.2119409739751128,0.47406038945551926
2020-08-27,1.2119409739751128,0.451707266962619
2020-08-28,1.2178757094949273,0.4591752129883931
2020-08-31,1.2119409739751128,0.4629462846694364
2020-09-01,1.208960345836975,0.46664549702607666
2020-09-02,1.1939224684724346,0.4441241250781381
2020-09-03,1.184789984909162,0.4249408846088211
2020-09-04,1.184789984909162,0.4210234470240169
2020-09-07,1.1786549963416462,0.4093004105906502
2020-09-08,1.184789984909162,0.4132030925365972
2020-09-09,1.1786549963416462,0.4053210977391691
2020-09-10,1.169381359556317,0.38943057262872344
2020-09-11,1.169381359556317,0.38943057262872344
2020-09-14,1.172482137234565,0.38943057262872344
2020-09-15,1.169381359556317,0.38537123840503196
2020-09-16,1.172482137234565,0.38943057262872344
2020-09-17,1.1662709371419244,0.39737648320454466
2020-09-18,1.1755733298042381,0.4013874725071579
2020-09-21,1.172482137234565,0.3813581906315855
2020-09-22,1.1662709371419244,0.3609195229543114
2020-09-23,1.1600209167967532,0.35674254165395536
2020-09-24,1.1568811967920856,0.3272700258564135
2020-09-25,1.1537315878891892,0.3230163972177139
2020-09-28,1.1568811967920856,0.33998890303794777
2020-09-29,1.1537315878891892,0.33907171219796844
2020-09-30,1.1600209167967532,0.33907171219796844
2020-10-09,1.1631508098056809,0.33907171219796844
2020-10-12,1.1755733298042381,0.3478811919902539
2020-10-14,1.1600209167967532,0.32134989681536186
2020-10-15,1.1600209167967532,0.30778171445825364
2020-10-16,1.1600209167967532,0.30778171445825364
2020-10-19,1.1600209167967532,0.31230248731400795
2020-10-20,1.1568811967920856,0.29867839072279134
2020-10-21,1.1600209167967532,0.3032404113676335
2020-10-22,1.1568811967920856,0.2894225569295521
2020-10-23,1.1600209167967532,0.3522246560811002
2020-10-27,1.1568811967920856,0.3346706146745848
2020-10-28,1.1537315878891892,0.31680291472518785
2020-10-29,1.144222799920162,0.29867839072279134
2020-10-30,1.1505720275988207,0.294026901386588
2020-11-02,1.1474024528375417,0.30778171445825364
2020-11-03,1.1600209167967532,0.33907171219796844
2020-11-04,1.1600209167967532,0.3346706146745848
2020-11-05,1.1600209167967532,0.3522246560811002
2020-11-06,1.1631508098056809,0.3522246560811002
2020-11-09,1.1755733298042381,0.3652068435512002
2020-11-10,1.1817271953786161,0.42758400502785426
2020-11-11,1.1969481893889715,0.44754071652606203
2020-11-12,1.184789984909162,0.42758400502785426
2020-11-13,1.1755733298042381,0.3989210758937014
2020-11-16,1.1908875647772805,0.40311033781148675
2020-11-17,1.199964782928397,0.44754071652606203
2020-11-18,1.1939224684724346,0.44754071652606203
2020-11-19,1.1908875647772805,0.4435929165663106
2020-11-20,1.1908875647772805,0.4355907399627082
2020-11-23,1.205970806988609,0.4671069378833155
2020-11-24,1.2119409739751128,0.4671069378833155
2020-11-25,1.205970806988609,0.482500220575018
2020-11-26,1.2029723039923526,0.49390568552635916
2020-11-27,1.2029723039923526,0.48629765762064936
2020-11-30,1.205970806988609,0.4235564680997472
2020-12-01,1.2029723039923526,0.41539167630276524
2020-12-02,1.2029723039923526,0.4235564680997472
2020-12-03,1.2029723039923526,0.42758400502785426
2020-12-04,1.2029723039923526,0.41539167630276524
2020-12-07,1.1908875647772805,0.3947761845625541
2020-12-08,1.1817271953786161,0.3779596097280312
2020-12-09,1.1755733298042381,0.3737267323209517
2020-12-10,1.1786549963416462,0.3609195229543114
2020-12-11,1.184789984909162,0.38643450272636193
2020-12-14,1.1786549963416462,0.3989210758937014
2020-12-15,1.169381359556317,0.390614041576222
2020-12-16,1.169381359556317,0.390614041576222
2020-12-17,1.184789984909162,0.3947761845625541
2020-12-18,1.1939224684724346,0.40311033781148675
2020-12-21,1.1908875647772805,0.3947761845625541
2020-12-22,1.1662709371419244,0.369475861471714
2020-12-23,1.1662709371419244,0.3737267323209517
2020-12-24,1.169381359556317,0.38643450272636193
2020-12-28,1.1662709371419244,0.3947761845625541
2020-12-29,1.1631508098056809,0.3989210758937014
2020-12-30,1.1631508098056809,0.3989210758937014
2020-12-31,1.169381359556317,0.3947761845625541
2021-01-04,1.1786549963416462,0.3947761845625541
2021-01-05,1.1755733298042381,0.38643450272636193
2021-01-06,1.1908875647772805,0.41539167630276524
2021-01-07,1.1908875647772805,0.41539167630276524
2021-01-08,1.2029723039923526,0.3989210758937014
2021-01-11,1.184789984909162,0.41539167630276524
2021-01-12,1.205970806988609,0.42758400502785426
2021-01-13,1.2178757094949273,0.4709631687404354
2021-01-14,1.2119409739751128,0.4709631687404354
2021-01-15,1.199964782928397,0.4671069378833155
2021-01-18,1.1908875647772805,0.4748618091560928
2021-01-19,1.1939224684724346,0.49008072867491453
2021-01-20,1.1969481893889715,0.48629765762064936
2021-01-21,1.1908875647772805,0.49008072867491453
2021-01-22,1.1755733298042381,0.44754071652606203
2021-01-25,1.169381359556317,0.41539167630276524
2021-01-26,1.169381359556317,0.3989210758937014
2021-01-27,1.169381359556317,0.4195126445006594
2021-01-28,1.1631508098056809,0.390614041576222
2021-01-29,1.1537315878891892,0.3737267323209517
2021-02-01,1.1505720275988207,0.3737267323209517
2021-02-02,1.1537315878891892,0.369475861471714
2021-02-03,1.1537315878891892,0.3822374219888604
2021-02-04,1.1537315878891892,0.38643450272636193
2021-02-05,1.1537315878891892,0.390614041576222
2021-02-08,1.1600209167967532,0.390614041576222
2021-02-09,1.172482137234565,0.41131463289705594
2021-02-10,1.1817271953786161,0.41131463289705594
2021-02-18,1.2237754316221157,0.5125936598686207
2021-02-19,1.208960345836975,0.5014005469427693
2021-02-22,1.2383742310432684,0.5489534322241367
2021-02-23,1.244154593958768,0.5805941943206143
2021-02-24,1.2178757094949273,0.5525071527806124
2021-02-25,1.2325602611778486,0.577087409230312
2021-02-26,1.2178757094949273,0.5417543610043506
2021-03-01,1.220829921392359,0.5525071527806124
2021-03-02,1.1969481893889715,0.5199502672985303
2021-03-03,1.205970806988609,0.5489534322241367
2021-03-04,1.2119409739751128,0.5631455509856681
2021-03-05,1.2325602611778486,0.5943473188925137
2021-03-08,1.252762968495368,0.6344581842112657
2021-03-09,1.244154593958768,0.607863764331298
2021-03-10,1.2237754316221157,0.6045017419457953
2021-03-11,1.235471471385307,0.6311845389941942
2021-03-12,1.2383742310432684,0.6311845389941942
2021-03-15,1.252762968495368,0.6377211476342259
2021-03-16,1.244154593958768,0.627900141816377
2021-03-17,1.235471471385307,0.62124937956218
2021-03-18,1.2296405510745139,0.6245556570935297
2021-03-19,1.208960345836975,0.5666492805472663
2021-03-22,1.2178757094949273,0.577087409230312
2021-03-23,1.208960345836975,0.5525071527806124
2021-03-24,1.1969481893889715,0.5417543610043506
2021-03-25,1.199964782928397,0.5381621527612014
2021-03-26,1.2029723039923526,0.5560482891149063
2021-03-29,1.2029723039923526,0.5666492805472663
2021-03-30,1.2029723039923526,0.577087409230312
2021-03-31,1.2029723039923526,0.5525071527806124
2021-04-01,1.199964782928397,0.5489534322241367
2021-04-07,1.1969481893889715,0.5417543610043506
2021-04-08,1.1939224684724346,0.5381621527612014
2021-04-09,1.1969481893889715,0.5236083751697198
2021-04-12,1.199964782928397,0.5199502672985303
2021-04-13,1.1908875647772805,0.5273074491803722
2021-04-14,1.1908875647772805,0.5417543610043506
2021-04-15,1.1969481893889715,0.5525071527806124
2021-04-16,1.205970806988609,0.5595769300376072
2021-04-19,1.2029723039923526,0.5631455509856681
2021-04-20,1.1969481893889715,0.5525071527806124
2021-04-21,1.1878434223960523,0.5273074491803722
2021-04-22,1.172482137234565,0.5199502672985303
2021-04-23,1.172482137234565,0.5199502672985303
2021-04-26,1.172482137234565,0.5162787285274304
2021-04-27,1.1662709371419244,0.5125936598686207
2021-04-28,1.172482137234565,0.5236083751697198
2021-04-29,1.1817271953786161,0.5345569940231394
2021-04-30,1.1908875647772805,0.5595769300376072
2021-05-06,1.2237754316221157,0.627900141816377
2021-05-07,1.235471471385307,0.6442636120284616
2021-05-10,1.2669476034873244,0.6887153745992955
2021-05-11,1.264126727145683,0.6603636243839857
2021-05-12,1.2919836816486494,0.6635432773013654
2021-05-13,1.2919836816486494,0.6571738290158856
2021-05-14,1.2809338454620642,0.6507155579498485
2021-05-17,1.2837077723447896,0.6635432773013654
2021-05-18,1.3297240096314962,0.7101989689421647
2021-05-20,1.2837077723447896,0.6635432773013654
2021-05-21,1.2919836816486494,0.6603636243839857
2021-05-24,1.275362800412609,0.6635432773013654
2021-05-25,1.297463147413275,0.6762085281696083
2021-05-26,1.2892326482767593,0.6667128520626444
2021-05-27,1.2809338454620642,0.6667128520626444
2021-05-28,1.2864740258376797,0.6730689552901327
2021-05-31,1.275362800412609,0.6730689552901327
2021-06-01,1.2947271675944,0.6979595823568107
2021-06-02,1.2947271675944,0.7312749890180915
2021-06-03,1.3029127521808397,0.7312749890180915
2021-06-04,1.2919836816486494,0.7371908598761332
2021-06-07,1.3029127521808397,0.7312749890180915
2021-06-08,1.297463147413275,0.7283038775444263
2021-06-09,1.332366019094335,0.746043189913442
2021-06-10,1.3376291891386096,0.7547745935308692
2021-06-11,1.3912819026309295,0.7918787733771122
2021-06-15,1.3987168811184478,0.7862786250067912
2021-06-16,1.415853163361435,0.8002619566028589
2021-06-17,1.3987168811184478,0.8194996160251701
2021-06-18,1.3837912309017721,0.7946671306782361
2021-06-21,1.3762440252663892,0.779044103442893
2021-06-22,1.4279160358107101,0.8358647507607366
2021-06-23,1.4279160358107101,0.8604464659281922
2021-06-24,1.430311246536665,0.8817754746783796
2021-06-25,1.4327007339340465,0.9129395228405925
2021-06-28,1.423108334242607,0.9000816719733183
2021-06-29,1.4182774069729414,0.8577188018436785
2021-06-30,1.4279160358107101,0.8791054498248105
2021-07-02,1.415853163361435,0.8817754746783796
2021-07-05,1.4085449700547104,0.8974601439945509
2021-07-06,1.4206957878372228,0.8844003977232416
2021-07-07,1.3962446919730587,0.8631279015191008
2021-07-08,1.3686394258811698,0.8021612139863236
2021-07-09,1.3686394258811698,0.7993109735041687
2021-07-12,1.358409157630355,0.7848526895194151
2021-07-13,1.3609765531356006,0.7964110998949033
2021-07-14,1.3480731482996928,0.779044103442893
2021-07-15,1.3428648031925547,0.7848526895194151
2021-07-16,1.33500106673234,0.7643304513698059
2021-07-19,1.3190856114264407,0.7613271884294313
2021-07-20,1.308332819650179,0.7249675013095778
2021-07-21,1.3056264580524357,0.7187993326450166
2021-07-22,1.3190856114264407,0.7553799204258662
2021-07-23,1.3110318766193438,0.7402673796850524
2021-07-26,1.2947271675944,0.7187993326450166
2021-07-27,1.308332819650179,0.7249675013095778
2021-07-28,1.297463147413275,0.7402673796850524
2021-07-29,1.297463147413275,0.731142142787408
2021-07-30,1.3056264580524357,0.7249675013095778
2021-08-02,1.3029127521808397,0.7433344635423095
2021-08-03,1.2837077723447896,0.7372348768666986
2021-08-04,1.2892326482767593,0.7402673796850524
2021-08-05,1.2781522025001875,0.7156559468783265
2021-08-06,1.2781522025001875,0.7156559468783265
2021-08-09,1.275362800412609,0.7187993326450166
2021-08-10,1.2781522025001875,0.7218881727578423
2021-08-11,1.2892326482767593,0.7553799204258662
2021-08-12,1.2892326482767593,0.7761271088361197
2021-08-13,1.2781522025001875,0.7672820094958779
2021-08-16,1.2892326482767593,0.758357975670721
2021-08-17,1.2725655957915476,0.7187993326450166
2021-08-18,1.275362800412609,0.7249675013095778
2021-08-19,1.252762968495368,0.6710958267725002
2021-08-20,1.244154593958768,0.6413126871190237
2021-08-23,1.2499017362143359,0.6710958267725002
2021-08-24,1.2669476034873244,0.6807830588561747
2021-08-25,1.2892326482767593,0.693601077533127
2021-08-26,1.297463147413275,0.693601077533127
2021-08-27,1.3164082336557241,0.703119293354103
2021-08-30,1.3428648031925547,0.7433344635423095
2021-08-31,1.358409157630355,0.7761271088361197
2021-09-01,1.358409157630355,0.779044103442893
2021-09-02,1.3635373739972745,0.7848526895194151
2021-09-03,1.3812818192963463,0.8078784532098577
2021-09-06,1.3737155789130306,0.8078784532098577
2021-09-07,1.3962446919730587,0.8135224091349139
2021-09-08,1.4036429994545037,0.8050033536813952
2021-09-09,1.423108334242607,0.8039745258369877
2021-09-10,1.4085449700547104,0.8217268335325347
2021-09-13,1.4655675420143985,0.8703975673460955
2021-09-14,1.5040773967762742,0.9087584352185419
2021-09-15,1.5518087995974639,0.9220914749854352
2021-09-16,1.545432582458188,0.9300358336658269
2021-09-17,1.5238800240724537,0.9300358336658269
2021-09-23,1.5748464676644813,0.9273825891558636
2021-09-24,1.5706970841176697,0.9300358336658269
2021-09-27,1.6094379124341003,0.9430900019513763
2021-09-28,1.6544112780768316,0.9636566441830108
2021-09-29,1.5830939370944985,0.8952076371293283
2021-09-30,1.5769147207285403,0.9006425349691943
2021-10-08,1.6213664832993742,0.9962177405471279
2021-10-11,1.601405740736836,1.008441015369643
2021-10-12,1.5748464676644813,0.9887840297140752
2021-10-15,1.5665304114228238,0.9887840297140752
2021-10-18,1.5769147207285403,1.0035628748613767
2021-10-19,1.5686159179138452,1.0035628748613767
2021-10-20,1.5496879080283263,0.9962177405471279
2021-10-21,1.556037135706985,0.9937346193841718
2021-10-22,1.5238800240724537,0.9560113200690875
2021-10-25,1.5602476682433286,0.9687328860694783
2021-10-26,1.5496879080283263,0.9712787921998758
2021-10-27,1.5432981099295553,0.9508699205686688
2021-10-28,1.47932922708708,0.9141203783599272
2021-10-29,1.4861396960896067,0.9194537243352898
2021-11-01,1.4655675420143985,0.9167722159420957
2021-11-02,1.4469189829363254,0.9006425349691943
2021-11-03,1.4279160358107101,0.8815087927711664
2021-11-04,1.4085449700547104,0.8815087927711664
2021-11-05,1.3737155789130306,0.8305062383187939
2021-11-08,1.3787660946990992,0.8506311559227205
2021-11-09,1.3635373739972745,0.8506311559227205
2021-11-10,1.3635373739972745,0.8534957565434924
2021-11-11,1.355835153635182,0.8563131007141201
2021-11-12,1.355835153635182,0.8619629433258411
2021-11-15,1.355835153635182,0.8591614940791698
2021-11-16,1.3454723665996355,0.8703975673460955
2021-11-17,1.358409157630355,0.887018448582136
2021-11-18,1.3454723665996355,0.8591614940791698
2021-11-19,1.358409157630355,0.8591614940791698
2021-11-22,1.3635373739972745,0.8420670607198698
2021-11-23,1.366091653802371,0.8477977354288547
2021-11-24,1.3837912309017721,0.8675810444663817
2021-11-25,1.366091653802371,0.8563131007141201
2021-11-26,1.3454723665996355,0.8217268335325347
2021-11-29,1.3402504226184837,0.8217268335325347
2021-11-30,1.33500106673234,0.8158443443085119
2021-12-01,1.366091653802371,0.8275749213444021
2021-12-02,1.3711807233098425,0.8305062383187939
2021-12-03,1.3762440252663892,0.8506311559227205
2021-12-06,1.3711807233098425,0.8506311559227205
2021-12-07,1.3862943611198906,0.8534957565434924
2021-12-08,1.3962446919730587,0.8619629433258411
2021-12-09,1.4085449700547104,0.8703975673460955
2021-12-10,1.3862943611198906,0.8563131007141201
2021-12-13,1.3862943611198906,0.8619629433258411
2021-12-14,1.366091653802371,0.8477977354288547
2021-12-15,1.358409157630355,0.8333890077719548
2021-12-16,1.3812818192963463,0.8563131007141201
2021-12-17,1.3812818192963463,0.8506311559227205
2021-12-20,1.3635373739972745,0.8275749213444021
2021-12-21,1.3737155789130306,0.8099270465431798
2021-12-22,1.3711807233098425,0.8188101985556023
2021-12-23,1.3987168811184478,0.8391694859059179
2021-12-24,1.3812818192963463,0.8420670607198698
2021-12-28,1.3787660946990992,0.8477977354288547
2021-12-29,1.3762440252663892,0.8506311559227205
2021-12-30,1.3737155789130306,0.8391694859059179
2021-12-31,1.3762440252663892,0.8391694859059179
2022-01-04,1.3812818192963463,0.8363033560031198
2022-01-05,1.3862943611198906,0.8506311559227205
2022-01-06,1.3887912413184778,0.844916742059381
2022-01-07,1.4469189829363254,0.9060480542918461
2022-01-10,1.451613827240533,0.9087584352185419
2022-01-11,1.4398351280479205,0.9033675865836656
2022-01-12,1.4562867329399256,0.9352851895519705
2022-01-13,1.4861396960896067,0.9534261954819415
2022-01-14,1.449269160281279,0.9482714532692984
2022-01-17,1.4562867329399256,0.9560113200690875
2022-01-18,1.4861396960896067,0.9737834898148853
2022-01-19,1.4883995840570443,0.9863166695644163
2022-01-20,1.4701758451005926,0.9687328860694783
2022-01-21,1.4279160358107101,0.9560113200690875
2022-01-24,1.451613827240533,0.9611264207358579
2022-01-25,1.4206957878372228,0.9482714532692984
2022-01-26,1.4469189829363254,0.9662154902433291
2022-01-27,1.4398351280479205,0.9636566441830108
2022-01-28,1.3962446919730587,0.9560113200690875
2022-02-07,1.4861396960896067,1.0060217406437488
2022-02-08,1.4951487660319727,1.0132954750945482
2022-02-09,1.4861396960896067,1.0108879302949216
2022-02-10,1.4929040961781488,1.0035628748613767
2022-02-11,1.541159071680806,1.0157305547707098
2022-02-14,1.545432582458188,1.0419375225576226
2022-02-15,1.5151272329628591,1.0060217406437488
2022-02-16,1.5129270120532565,1.0035628748613767
2022-02-17,1.5238800240724537,1.0108879302949216
2022-02-18,1.5129270120532565,1.0035628748613767
2022-02-21,1.501852701754163,1.0060217406437488
2022-02-22,1.541159071680806,1.0229342641140913
2022-02-23,1.5195132049061133,1.0108879302949216
2022-02-24,1.5602476682433286,1.0443039272147656
2022-02-25,1.5303947050936475,1.0060217406437488
2022-02-28,1.536867219599265,1.0229342641140913
2022-03-01,1.5303947050936475,1.0132954750945482
2022-03-02,1.5496879080283263,1.0419375225576226
2022-03-03,1.5644405465033646,1.0536497896330035
2022-03-04,1.5432981099295553,1.0489877765271922
2022-03-07,1.5665304114228238,1.0924077469125961
2022-03-08,1.55814461804655,1.0582901691895057
2022-03-09,1.5325568680981427,1.0229342641140913
2022-03-10,1.5173226235262947,0.9838088097207187
2022-03-11,1.5040773967762742,0.9687328860694783
2022-03-14,1.4816045409242156,0.9273825891558636
2022-03-15,1.3937663759585917,0.8591614940791698
2022-03-16,1.4085449700547104,0.884248416264687
2022-03-17,1.4182774069729414,0.9273825891558636
2022-03-18,1.4422019930581866,0.9430900019513763
2022-03-21,1.4327007339340465,0.9326458547226403
2022-03-22,1.4609379041156563,0.9788087130950912
2022-03-23,1.4562867329399256,0.9636566441830108
2022-03-24,1.4609379041156563,0.9813291280533774
2022-03-25,1.4655675420143985,0.9863166695644163
2022-03-28,1.4996230464268938,1.008441015369643
2022-03-29,1.5107219394949427,1.0132954750945482
2022-03-30,1.4951487660319727,1.0108879302949216
2022-03-31,1.4929040961781488,0.9962177405471279
2022-04-01,1.4838746894587547,0.9788087130950912
2022-04-06,1.5085119938441398,1.0132954750945482
2022-04-07,1.4996230464268938,1.0011317553495571
2022-04-08,1.5040773967762742,1.0035628748613767
2022-04-11,1.4883995840570443,0.9863166695644163
2022-04-12,1.4816045409242156,0.9687328860694783
2022-04-13,1.4929040961781488,0.9887840297140752
2022-04-14,1.506297153514587,1.0011317553495571
2022-04-19,1.506297153514587,1.0108879302949216
2022-04-20,1.472472057360943,0.9813291280533774
2022-04-21,1.425515074273172,0.9662154902433291
2022-04-22,1.4469189829363254,0.9585545025355019
2022-04-25,1.4036429994545037,0.9141203783599272
2022-04-26,1.3912819026309295,0.9006425349691943
2022-04-27,1.4085449700547104,0.9114245110034696
2022-04-28,1.4279160358107101,0.9220914749854352
2022-04-29,1.4655675420143985,0.9300358336658269
2022-05-05,1.47932922708708,0.9813291280533774
2022-05-06,1.449269160281279,0.9687328860694783
2022-05-10,1.4279160358107101,0.924758776564983
2022-05-11,1.430311246536665,0.9114245110034696
2022-05-12,1.4182774069729414,0.9060480542918461
2022-05-13,1.425515074273172,0.9167722159420957
2022-05-16,1.4279160358107101,0.9060480542918461
2022-05-17,1.43746264769429,0.9352851895519705
2022-05-18,1.4279160358107101,0.9405071335331222
2022-05-19,1.4206957878372228,0.9378815633014543
2022-05-20,1.43746264769429,0.9585545025355019
2022-05-23,1.43746264769429,0.9662154902433291
2022-05-24,1.4279160358107101,0.9662154902433291
2022-05-25,1.4562867329399256,0.9863166695644163
2022-05-26,1.463255402256019,0.9912794589065453
2022-05-27,1.4973884086254774,1.0132954750945482
2022-05-30,1.4951487660319727,1.0108879302949216
2022-05-31,1.5173226235262947,1.0324810331355863
2022-06-01,1.4973884086254774,1.0253460134701518
2022-06-02,1.4838746894587547,1.0181264828410843
2022-06-06,1.4883995840570443,1.027719041181419
2022-06-07,1.4883995840570443,1.037220455953978
2022-06-08,1.5129270120532565,1.060586381449856
2022-06-09,1.541159071680806,1.0675068242944297
2022-06-10,1.55814461804655,1.0559566696410188
2022-06-13,1.55814461804655,1.0559566696410188
2022-06-14,1.6094379124341003,1.0582901691895057
2022-06-15,1.5973653311998313,1.0395980361773531
2022-06-16,1.5623463049002497,1.0035628748613767
2022-06-17,1.547562508716013,0.9763165862298331
2022-06-20,1.47932922708708,0.9588366795328948
2022-06-21,1.4770487243883548,0.9719403636301928
2022-06-22,1.4562867329399256,0.929491220781348
2022-06-23,1.4701758451005926,0.9321751045917328
2022-06-24,1.4586150226995167,0.924028716302588
2022-06-27,1.4678743481123135,0.9402556651359858
2022-06-28,1.4816045409242156,0.9641128085504483
2022-06-29,1.472472057360943,0.9535680193369518
2022-06-30,1.4701758451005926,0.9429466841438934
2022-07-04,1.472472057360943,0.9348879270465204
2022-07-05,1.4883995840570443,0.9348879270465204
2022-07-06,1.4539530095937054,0.8908006013508816
2022-07-07,1.4422019930581866,0.8851599587335168
2022-07-08,1.449269160281279,0.8936278579698097
2022-07-11,1.43746264769429,0.8879653286831826
2022-07-12,1.4350845252893227,0.8908006013508816
2022-07-13,1.430311246536665,0.8851599587335168
2022-07-14,1.425515074273172,0.8794491383699996
2022-07-15,1.4134230285081433,0.8651052211514207
2022-07-18,1.4422019930581866,0.9075712272435265
2022-07-19,1.451613827240533,0.9130872060603551
2022-07-20,1.4586150226995167,0.9185729256876235
2022-07-21,1.449269160281279,0.9075712272435265
2022-07-22,1.451613827240533,0.9047831731708224
2022-07-25,1.449269160281279,0.8964096054970032
2022-07-26,1.4609379041156563,0.9213228495060921
2022-07-27,1.451613827240533,0.929491220781348
2022-07-28,1.4609379041156563,0.9267636984067283
2022-07-29,1.451613827240533,0.9185729256876235
2022-08-01,1.4539530095937054,0.9130872060603551
2022-08-02,1.4350845252893227,0.8992210706218169
2022-08-03,1.4279160358107101,0.8964096054970032
2022-08-04,1.425515074273172,0.8794491383699996
2022-08-05,1.4206957878372228,0.8564303179764499
2022-08-08,1.423108334242607,0.8564303179764499
2022-08-09,1.430311246536665,0.8622348883169306
2022-08-10,1.43746264769429,0.8593173362114055
2022-08-11,1.449269160281279,0.8708983088391387
2022-08-12,1.4586150226995167,0.8823086252298713
2022-08-15,1.449269160281279,0.8476400875350982
2022-08-16,1.4398351280479205,0.8238280141989115
2022-08-17,1.4422019930581866,0.8357849836805684
2022-08-18,1.4327007339340465,0.8417102788881727
2022-08-19,1.4469189829363254,0.8564303179764499
2022-08-22,1.4562867329399256,0.8564303179764499
2022-08-23,1.4701758451005926,0.8794491383699996
2022-08-24,1.4747630091074988,0.9019873241147071
2022-08-25,1.5040773967762742,0.9185729256876235
2022-08-26,1.4951487660319727,0.9509410165126752
2022-08-29,1.5040773967762742,0.9562234991490263
2022-08-30,1.501852701754163,0.9535680193369518
2022-08-31,1.4770487243883548,0.9348879270465204
2022-09-01,1.4816045409242156,0.924028716302588
2022-09-02,1.4929040961781488,0.924028716302588
2022-09-05,1.5173226235262947,0.9429466841438934
2022-09-06,1.5260563034950492,0.9482714532692984
2022-09-07,1.5216989981260935,0.9429466841438934
2022-09-08,1.5129270120532565,0.924028716302588
2022-09-09,1.5238800240724537,0.942301499706301
2022-09-13,1.5151272329628591,0.9451658052807717
2022-09-14,1.5107219394949427,0.9394649239546785
2022-09-15,1.5151272329628591,0.942301499706301
2022-09-16,1.4838746894587547,0.9221280614667343
2022-09-19,1.47932922708708,0.9074227270947532
2022-09-20,1.4816045409242156,0.9044480837174197
2022-09-21,1.4951487660319727,0.9162571313096624
2022-09-22,1.5151272329628591,0.9103885482054757
2022-09-23,1.534714366238164,0.9250141717904806
2022-09-26,1.472472057360943,0.8743581208476431
2022-09-27,1.4701758451005926,0.8743581208476431
2022-09-28,1.463255402256019,0.8527117502312838
2022-09-29,1.472472057360943,0.8527117502312838
2022-09-30,1.4747630091074988,0.8589276853336576
2022-10-10,1.501852701754163,0.9162571313096624
2022-10-11,1.4906543764441336,0.9103885482054757
2022-10-12,1.4883995840570443,0.895508264691624
2022-10-13,1.4747630091074988,0.8834881623032581
2022-10-14,1.4838746894587547,0.8834881623032581
2022-10-17,1.4861396960896067,0.8864878038363331
2022-10-18,1.4816045409242156,0.895508264691624
2022-10-19,1.472472057360943,0.889516273746395
2022-10-20,1.4816045409242156,0.9044480837174197
2022-10-21,1.4883995840570443,0.9133455992254479
2022-10-24,1.4838746894587547,0.889516273746395
2022-10-25,1.4747630091074988,0.8864878038363331
2022-10-26,1.4655675420143985,0.8864878038363331
2022-10-27,1.472472057360943,0.8834881623032581
2022-10-28,1.463255402256019,0.8743581208476431
2022-10-31,1.4060969884160703,0.7881627715226925
2022-11-01,1.4206957878372228,0.8014184558437332
2022-11-02,1.4279160358107101,0.8209579918153497
2022-11-03,1.4279160358107101,0.8241912323153812
2022-11-04,1.4398351280479205,0.8464174729598962
2022-11-07,1.4609379041156563,0.8864878038363331
2022-11-08,1.4609379041156563,0.8925355997116545
2022-11-09,1.4539530095937054,0.8834881623032581
2022-11-10,1.4398351280479205,0.8681990437135516
2022-11-11,1.4609379041156563,0.8864878038363331
2022-11-14,1.4562867329399256,0.9015019144007158
2022-11-15,1.4562867329399256,0.9103885482054757
2022-11-16,1.4609379041156563,0.9191969048596245
2022-11-17,1.4586150226995167,0.9074227270947532
2022-11-18,1.449269160281279,0.9015019144007158
2022-11-21,1.4445632692438664,0.889516273746395
2022-11-22,1.463255402256019,0.9133455992254479
2022-11-23,1.4770487243883548,0.9221280614667343
2022-11-24,1.472472057360943,0.9191969048596245
2022-11-25,1.4861396960896067,0.9279283513262622
2022-11-28,1.472472057360943,0.9103885482054757
2022-11-29,1.4883995840570443,0.9365842190710565
2022-11-30,1.4973884086254774,0.9536743740299528
2022-12-01,1.4883995840570443,0.942301499706301
2022-12-02,1.4883995840570443,0.9621111573983975
2022-12-05,1.5129270120532565,0.9704773565418774
2022-12-06,1.5040773967762742,0.9649193591876878
2022-12-07,1.4883995840570443,0.9394649239546785
2022-12-08,1.47932922708708,0.9308340630903087
2022-12-09,1.4770487243883548,0.9336951917465401
2022-12-12,1.4678743481123135,0.942301499706301
2022-12-13,1.4701758451005926,0.9365842190710565
2022-12-14,1.4770487243883548,0.9536743740299528
2022-12-15,1.4678743481123135,0.9593302977644815
2022-12-16,1.472472057360943,0.9565063345760486
2022-12-19,1.4539530095937054,0.9451658052807717
2022-12-20,1.449269160281279,0.9394649239546785
2022-12-21,1.4469189829363254,0.942301499706301
2022-12-22,1.449269160281279,0.9565063345760486
2022-12-23,1.4469189829363254,0.9480219300356088
2022-12-28,1.4609379041156563,0.9732621949065571
2022-12-29,1.4422019930581866,0.9593302977644815
2022-12-30,1.4445632692438664,0.9621111573983975
2023-01-03,1.451613827240533,0.9704773565418774
2023-01-04,1.4469189829363254,0.9704773565418774
2023-01-05,1.4469189829363254,0.9649193591876878
2023-01-06,1.4445632692438664,0.9677196970580069
2023-01-09,1.4469189829363254,0.9704773565418774
2023-01-10,1.4422019930581866,0.9649193591876878
2023-01-11,1.4445632692438664,0.9732621949065571
2023-01-12,1.4586150226995167,1.0113230548980416
2023-01-13,1.4678743481123135,1.0324155044831596
2023-01-16,1.472472057360943,1.045404179736606
2023-01-17,1.4655675420143985,1.0428134208147861
2023-01-18,1.4678743481123135,1.0556365876973093
2023-01-19,1.4701758451005926,1.045404179736606
2023-01-20,1.4883995840570443,1.0808311368130072
2023-01-30,1.4906543764441336,1.1198609288071417
2023-01-31,1.4838746894587547,1.1174562866913975
2023-02-01,1.4883995840570443,1.1293923513399537
2023-02-02,1.4861396960896067,1.1270105471890683
2023-02-03,1.4838746894587547,1.1005517400491582
2023-02-06,1.47932922708708,1.0932097210456473
2023-02-07,1.4838746894587547,1.1005517400491582
2023-02-08,1.47932922708708,1.105406489061682
2023-02-09,1.4838746894587547,1.105406489061682
2023-02-10,1.4770487243883548,1.1005517400491582
2023-02-13,1.47932922708708,1.1078402464614518
2023-02-14,1.4838746894587547,1.1078402464614518
2023-02-15,1.47932922708708,1.1005517400491582
2023-02-16,1.47932922708708,1.105406489061682
2023-02-17,1.47932922708708,1.1078402464614518
2023-02-20,1.4973884086254774,1.1174562866913975
2023-02-21,1.501852701754163,1.1222598024874308
2023-02-22,1.4973884086254774,1.1126598250606048
2023-02-23,1.4996230464268938,1.1078402464614518
2023-02-24,1.4951487660319727,1.105406489061682
2023-02-27,1.4906543764441336,1.0956425500229199
2023-02-28,1.4951487660319727,1.0808311368130072
2023-03-01,1.5040773967762742,1.1029667940331456
2023-03-02,1.5195132049061133,1.1126598250606048
2023-03-03,1.545432582458188,1.1411582363268493
2023-03-06,1.547562508716013,1.1504897457327483
2023-03-07,1.5706970841176697,1.193627879630857
2023-03-08,1.55814461804655,1.1891839868524967
2023-03-09,1.55814461804655,1.175704185439797
2023-03-10,1.534714366238164,1.1528163426816218
2023-03-13,1.5769147207285403,1.191394427182285
2023-03-14,1.5539252025038417,1.1528163426816218
2023-03-15,1.572773928062509,1.162040193299424
2023-03-16,1.541159071680806,1.1222598024874308
2023-03-17,1.6034198401085373,1.1688955272732087
2023-03-20,1.5933085305042167,1.1411582363268493
2023-03-21,1.5769147207285403,1.136474387014423
2023-03-22,1.5810384379124025,1.1528163426816218
2023-03-23,1.5933085305042167,1.162040193299424
2023-03-24,1.5706970841176697,1.136474387014423
2023-03-27,1.5602476682433286,1.1388337829241657
2023-03-28,1.5748464676644813,1.1481577231046902
2023-03-29,1.5644405465033646,1.157424445432234
2023-03-30,1.6331544390514163,1.2328389395445913
2023-03-31,1.6193882432872684,1.2264096061947243
2023-04-03,1.6331544390514163,1.2413564464817337
2023-04-04,1.6601310267496185,1.262325105199055
2023-04-06,1.6620303625532709,1.2560831648240418
2023-04-11,1.7209792871670078,1.2746933026059417
2023-04-12,1.7613002617433464,1.2949813818545592
2023-04-13,1.7544036826842861,1.3009858969871253
2023-04-14,1.7715567619105355,1.3148660262982976
2023-04-17,1.8341801851120072,1.3629018779948108
2023-04-18,1.827769906751088,1.359151298628029
2023-04-19,1.81319474994812,1.336299171198473
2023-04-20,1.8309801823813363,1.3439587216168407
2023-04-21,1.827769906751088,1.3439587216168407
2023-04-24,1.8309801823813363,1.3420613473490661
2023-04-25,1.8718021769015913,1.3629018779948108
2023-04-26,1.860974538249528,1.3629018779948108
2023-04-27,1.8562979903656263,1.364783655888802
2023-04-28,1.9065751436566365,1.3814928523036967
2023-05-04,1.9213246735826988,1.3572588819209528
2023-05-05,1.916922612182061,1.3515838616444937
2023-05-08,1.9906103279732201,1.3906488664849264
2023-05-09,1.9315214116032138,1.3924791955398825
2023-05-10,1.891604804197771,1.39430618061005
2023-05-11,1.873339456220478,1.3796422850395131
2023-05-12,1.8562979903656263,1.3703844672958523
2023-05-15,1.851599469584072,1.3796422850395131
2023-05-16,1.8578592709325787,1.3924791955398825
2023-05-17,1.851599469584072,1.364783655888802
2023-05-18,1.8825138324965192,1.3979274337844168
2023-05-19,1.8594181177018698,1.375954084247655
2023-05-22,1.8547342683894434,1.3796422850395131
2023-05-23,1.8357763546448294,1.375954084247655
2023-05-24,1.8180767775454285,1.3629018779948108
2023-05-25,1.809926773183504,1.3420613473490661
2023-05-29,1.8718021769015913,1.364783655888802
2023-05-30,1.8779371654691073,1.3666618993447375
2023-05-31,1.8562979903656263,1.3109305237744229
2023-06-01,1.873339456220478,1.334362968454087
2023-06-02,1.8748743759385615,1.3629018779948108
2023-06-05,1.884034745337226,1.3703844672958523
2023-06-06,1.8764069432883397,1.3961298338919734
2023-06-07,1.8764069432883397,1.3961298338919734
2023-06-08,1.8976198599275322,1.415884230840001
2023-06-09,1.9021075263969205,1.442218068579093
2023-06-12,1.891604804197771,1.428267053333541
2023-06-13,1.8702625307159986,1.4069574024674407
2023-06-14,1.8687205103641833,1.415884230840001
2023-06-15,1.864080130807681,1.430029867240305
2023-06-16,1.8656293177945105,1.4474026306657872
2023-06-19,1.8578592709325787,1.4352778399361754
2023-06-20,1.8373699804801074,1.422937717278722
2023-06-21,1.8578592709325787,1.4357814252552639
2023-06-26,1.8500283773520307,1.422937717278722
2023-06-27,1.8855533485144158,1.4394084967693772
2023-06-28,1.890095369948917,1.4448462480695061
2023-06-29,1.8809906029559975,1.422937717278722
2023-06-30,1.8809906029559975,1.422937717278722
2023-07-03,1.925707441737794,1.4662638353426927
2023-07-04,1.922787731634459,1.4698033619442508
2023-07-05,1.922787731634459,1.4538296374977
2023-07-06,1.916922612182061,1.4302940215079323
2023-07-07,1.9139771019523042,1.4174014786655376
2023-07-10,1.9021075263969205,1.4155268965499739
2023-07-11,1.9035989509835904,1.4266336791705985
2023-07-12,1.9213246735826988,1.4448462480695061
2023-07-13,1.9782390361706734,1.4906985196139535
2023-07-14,1.9782390361706734,1.5010051266281903
2023-07-18,1.9558604799084813,1.4872531031711556
2023-07-19,1.965712776351493,1.502705789886799
2023-07-20,1.951608170169951,1.494152754482041
2023-07-21,1.9501867058225735,1.4992810236580598
2023-07-24,1.944480556245719,1.483774911238443
2023-07-25,1.9530276168241774,1.48204171807563
2023-07-26,1.9315214116032138,1.4750577025232339
2023-07-27,1.9329696377795786,1.4733093214364337
2023-07-28,1.9459101490553132,1.4680245672436012
2023-07-31,1.9387416595767009,1.4715578781585505
2023-08-01,1.958685340544036,1.4855259331150075
2023-08-02,1.9021075263969205,1.4556123797407834
2023-08-03,1.8946168546677629,1.4339410145872435
2023-08-04,1.900613874140137,1.4448462480695061
2023-08-07,1.9095425048844386,1.4627330436282806
2023-08-08,1.922787731634459,1.4785662937584265
2023-08-09,1.9242486522741338,1.4889772952536284
2023-08-10,1.9387416595767009,1.5095000011793323
2023-08-11,1.922787731634459,1.502705789886799
2023-08-14,1.9286186519452522,1.4855259331150075
2023-08-15,1.9286186519452522,1.4803055157380414
2023-08-16,1.9035989509835904,1.4644999977959434
2023-08-17,1.9095425048844386,1.4573919494688985
2023-08-18,1.9080599249242156,1.4573919494688985
2023-08-21,1.8931119634883424,1.441217111057971
2023-08-22,1.9139771019523042,1.4448462480695061
2023-08-23,1.916922612182061,1.4609629618063502
2023-08-24,1.9050881545350582,1.4591683579534176
2023-08-25,1.9125010869241836,1.452043711407889
2023-08-28,1.927164106234258,1.4627330436282806
2023-08-29,1.916922612182061,1.4680245672436012
2023-08-30,1.918392120161421,1.4591683579534176
2023-08-31,1.916922612182061,1.4662638353426927
2023-09-04,1.9430489167742813,1.502705789886799
2023-09-05,1.9430489167742813,1.4975745210593991
2023-09-06,1.958685340544036,1.4992810236580598
2023-09-07,1.9782390361706734,1.5279345385068217
2023-09-11,1.965712776351493,1.5246152656986451
2023-09-12,1.9615022438151495,1.474699849218218
2023-09-13,1.9823798288367047,1.474699849218218
2023-09-14,1.9906103279732201,1.531362202285231
2023-09-15,1.9851308622085946,1.531362202285231
2023-09-18,1.9768549529047348,1.52096335642904
2023-09-19,1.9878743481543455,1.5192330781469239
2023-09-20,1.9892432737616872,1.531362202285231
2023-09-21,1.9726911717329554,1.5244349898761493
2023-09-22,1.9878743481543455,1.531362202285231
2023-09-25,1.9740810260220096,1.5261762962956253
2023-09-26,1.9726911717329554,1.5192330781469239
2023-09-27,1.9740810260220096,1.5330716383889542
2023-09-28,1.9726911717329554,1.5467213039386332
2023-10-09,1.9629077254238845,1.5016611466603278
2023-10-10,1.9473377010464987,1.5122413144613214
2023-10-11,1.9315214116032138,1.5157433068866055
2023-10-12,1.9329696377795786,1.4981094014440988
2023-10-13,1.9329696377795786,1.4998765857116643
2023-10-16,1.9487632180377197,1.505200321615672
2023-10-17,1.965712776351493,1.5122413144613214
2023-10-18,1.9726911717329554,1.5227107132439528
2023-10-19,1.9416152247724325,1.5016611466603278
2023-10-20,1.9344157696295783,1.4981094014440988
2023-10-24,1.944480556245719,1.481958114773251
2023-10-25,1.8870696490323797,1.4413694953278555
2023-10-26,1.9035989509835904,1.4432397522721174
2023-10-27,1.8991179875485542,1.4469914508986947
2023-10-30,1.8594181177018698,1.412708418003724
2023-10-31,1.8578592709325787,1.401014486514083
2023-11-01,1.864080130807681,1.412708418003724
2023-11-02,1.8764069432883397,1.418515635252927
2023-11-03,1.8870696490323797,1.4280906009090681
2023-11-06,1.8531680973566984,1.3931418633733297
2023-11-07,1.8531680973566984,1.39904077927506
2023-11-08,1.8453002361560848,1.3772082067586335
2023-11-09,1.8531680973566984,1.3731848051661713
2023-11-10,1.851599469584072,1.3691451503982695
2023-11-13,1.860974538249528,1.3911525410302477
2023-11-14,1.8547342683894434,1.3970859221980894
2023-11-15,1.8656293177945105,1.4223610671562843
2023-11-16,1.8594181177018698,1.4204290856086785
2023-11-17,1.8468787684491346,1.402961686332338
2023-11-20,1.8547342683894434,1.4165762028762283
2023-11-21,1.8594181177018698,1.4165762028762283
2023-11-22,1.8578592709325787,1.4223610671562843
2023-11-23,1.8562979903656263,1.418515635252927
2023-11-24,1.8578592709325787,1.4107576791315863
2023-11-27,1.8594181177018698,1.4107576791315863
2023-11-28,1.851599469584072,1.402961686332338
2023-11-29,1.8500283773520307,1.395104438170314
2023-11-30,1.8656293177945105,1.406867279900689
2023-12-01,1.8656293177945105,1.402961686332338
2023-12-04,1.8687205103641833,1.4049276775875692
2023-12-05,1.8500283773520307,1.3871849644150158
2023-12-06,1.81319474994812,1.3751869010508595
2023-12-07,1.8082887711792655,1.3528213383022563
2023-12-08,1.8229350866965048,1.3528213383022563
2023-12-11,1.8213182714695995,1.3507500815949995
2023-12-12,1.827769906751088,1.3548645796878505
2023-12-13,1.8066480817218056,1.344534426871659
2023-12-14,1.8050046959780757,1.3466185844409073
2023-12-15,1.801709800081223,1.3671074642228365
2023-12-18,1.8066480817218056,1.3650891106075151
2023-12-19,1.8082887711792655,1.358962218031862
2023-12-20,1.8082887711792655,1.358962218031862
2023-12-21,1.8082887711792655,1.3610165523356221
2023-12-22,1.8164520818184267,1.3711553422770868
2023-12-27,1.8578592709325787,1.406867279900689
2023-12-28,1.8500283773520307,1.412708418003724
2023-12-29,1.8500283773520307,1.412708418003724
2024-01-02,1.860974538249528,1.4204290856086785
2024-01-03,1.8794650496471605,1.4261917683410108
2024-01-04,1.900613874140137,1.4526035012860044
2024-01-05,1.9080599249242156,1.4655416756290582
2024-01-08,1.9065751436566365,1.4618590574498418
2024-01-09,1.9050881545350582,1.4544528846353564
2024-01-10,1.8976198599275322,1.4469914508986947
2024-01-11,1.873339456220478,1.4280906009090681
2024-01-12,1.873339456220478,1.43759660546739
2024-01-15,1.8870696490323797,1.435693863414658
2024-01-16,1.888583653863595,1.424267180593015
2024-01-17,1.8687205103641833,1.3911525410302477
2024-01-18,1.8671761085128091,1.3772082067586335
2024-01-19,1.860974538249528,1.3751869010508595
2024-01-22,1.8484548129046001,1.3610165523356221
2024-01-23,1.8421356765531218,1.3711553422770868
2024-01-24,1.8779371654691073,1.430007851234668
2024-01-25,1.9726911717329554,1.5069550301926484
2024-01-26,2.0347056478384444,1.5139837222607802
2024-01-29,2.0228711901914416,1.5278946127686892
2024-01-30,2.0228711901914416,1.5122413144613214
2024-01-31,2.018895041811802,1.5034220709861148
2024-02-01,1.9933388426264242,1.4927476794513084
2024-02-02,1.986503546020567,1.51747962874419
2024-02-05,2.012232791986386,1.5192330781469239
2024-02-06,1.9892432737616872,1.5157433068866055
2024-02-07,2.012232791986386,1.5122413144613214
2024-02-08,2.0095554142156695,1.4998765857116643
2024-02-19,2.052840859882657,1.5330716383889542
2024-02-20,2.0515563381903004,1.5467213039386332
2024-02-21,2.0592388343623163,1.5534768990710417
2024-02-22,2.1150499691472033,1.6091466700271477
2024-02-23,2.1004689088719113,1.605957462689534
2024-02-26,2.0744289998562917,1.5947051158004282
2024-02-27,2.0794415416798357,1.596328356480381
2024-02-28,2.0744289998562917,1.5898570525457112
2024-02-29,2.0744289998562917,1.5914694420432813
2024-03-01,2.0681277817795625,1.5816991249604353
2024-03-04,2.105352923464337,1.5995483717331735
2024-03-05,2.0980179272527715,1.575132141141642
2024-03-06,2.0906287310704004,1.575132141141642
2024-03-07,2.1004689088719113,1.5866056283590928
2024-03-08,2.1126345090356,1.5947051158004282
2024-03-11,2.0918640616783932,1.605957462689534
2024-03-12,2.05668455455722,1.6011452229340524
2024-03-13,2.05668455455722,1.6011452229340524
2024-03-14,2.0681277817795625,1.6218027517568137
2024-03-15,2.075684492802124,1.6343006568926883
2024-03-18,2.0769384114617173,1.617066341838413
2024-03-19,2.080690761080268,1.6280712289017791
2024-03-20,2.1077860146889784,1.632737946080259
2024-03-21,2.1114245875328868,1.654291194385238
2024-03-22,2.1016921506146558,1.629623211600099
2024-03-25,2.1234584270966104,1.6374008789000174
2024-03-26,2.1150499691472033,1.6435726369228885
2024-03-27,2.1114245875328868,1.6389563255104989
2024-03-28,2.1198634561787513,1.6723879225558487
2024-04-02,2.1938856760707046,1.737483485427658
2024-04-03,2.2159372862683733,1.7416836789954766
2024-04-08,2.224623551524334,1.7472459471743862
2024-04-09,2.209372711271867,1.7416836789954766
2024-04-10,2.224623551524334,1.770538556640611
2024-04-11,2.2202898502672155,1.7732444526053404
2024-04-12,2.224623551524334,1.7623766581658213
2024-04-15,2.262804222982201,1.7840108594738404
2024-04-16,2.2834022735772717,1.790664202976229
2024-04-17,2.286455711064162,1.7772973957536018
2024-04-18,2.25758772706331,1.7623766581658213
2024-04-19,2.285438934159075,1.7853389014251324
2024-04-22,2.258633205464863,1.7582785187424632
2024-04-23,2.2321626286975,1.7513894558822516
2024-04-24,2.2396452932201716,1.75553176588229
2024-04-25,2.2502386126218363,1.767825318932424
2024-04-26,2.263844264677615,1.791998773925735
2024-04-29,2.2192034840549946,1.7596411542265455
2024-04-30,2.224623551524334,1.770538556640611
2024-05-06,2.1983350716202463,1.7402801926346054
2024-05-07,2.209372711271867,1.7513894558822516
2024-05-08,2.21046980408624,1.7568981467748885
2024-05-09,2.2049722641270453,1.7651046995325508
2024-05-10,2.206074192613202,1.8103927856957338
2024-05-13,2.199444334074532,1.8025510303062537
2024-05-14,2.190535589185423,1.791998773925735
2024-05-16,2.180417459019838,1.7826655781922525
2024-05-17,2.189416394888408,1.795961295844149
2024-05-20,2.2181159363675955,1.8155866668044478
2024-05-21,2.21046980408624,1.8155866668044478
2024-05-22,2.2027647577118348,1.8077856938374053
2024-05-23,2.188295946591918,1.8090825544106361
2024-05-24,2.194999882314108,1.8090825544106361
2024-05-27,2.2213750375685026,1.843680599818537
2024-05-28,2.2364452904895007,1.864868657048437
2024-05-29,2.2460147415056513,1.864868657048437
2024-05-30,2.217027204632399,1.8461958854953646
2024-05-31,2.211565694606877,1.8474584111493935
2024-06-03,2.21375387928743,1.8561942349832226
2024-06-04,2.196112848483529,1.838630968539868
2024-06-05,2.174751721484161,1.818173526111888
2024-06-06,2.196112848483529,1.827182596054254
2024-06-07,2.196112848483529,1.819471907794591
2024-06-11,2.179286876649552,1.8090825544106361
2024-06-12,2.1972245773362196,1.8090825544106361
2024-06-13,2.188295946591918,1.8116862718206994
2024-06-14,2.180417459019838,1.8012304773036205
2024-06-17,2.162172939277301,1.7840108594738404
2024-06-18,2.1736147116970854,1.792673051784398
2024-06-19,2.186051276738094,1.8369323050963742
2024-06-20,2.203869120054888,1.8602831640021569
2024-06-21,2.194999882314108,1.8447863600685523
2024-06-24,2.200552367428894,1.846079711117493
2024-06-25,2.2027647577118348,1.8538625270309848
2024-06-26,2.190535589185423,1.8499786905830726
2024-06-27,2.189416394888408,1.8303594769630664
2024-06-28,2.252343876557299,1.8730303454706416
2024-07-02,2.2844211223663744,1.9139546828219414
2024-07-03,2.2762411176544437,1.9355798317307151
2024-07-04,2.2823823856765264,1.9509187280138625
2024-07-05,2.2731562823032334,1.9391456067560309
2024-07-08,2.285438934159075,1.9355798317307151
2024-07-09,2.2823823856765264,1.9163807006686546
2024-07-10,2.253394848803274,1.8868587176970206
2024-07-11,2.265921108622454,1.8955487511443962
2024-07-12,2.253394848803274,1.8880988162277923
2024-07-15,2.2669579153508947,1.8831011790006615
2024-07-16,2.2700619012884857,1.8755575780856386
2024-07-17,2.2300144001592104,1.8157214084375706
2024-07-18,2.2407096892759584,1.8157214084375706
2024-07-19,2.2181159363675955,1.7676682590923023
2024-07-22,2.182674796321488,1.7620292056211841
2024-07-23,2.1701959049483,1.7577710172249255
2024-07-24,2.175887439948088,1.7634340660370824
2024-07-25,2.1329823086078656,1.7260212954615992
2024-07-26,2.127040520479115,1.724562840673265
2024-07-29,2.130609828254235,1.7391333572089958
2024-07-30,2.0906287310704004,1.7067765789220302
2024-07-31,2.1126345090356,1.724562840673265
2024-08-01,2.1186622548331173,1.7434714789482064
2024-08-02,2.0992441689760155,1.724562840673265
2024-08-05,2.048982334195127,1.6686837017448053
2024-08-06,2.05668455455722,1.662456078375043
2024-08-07,2.0693912058263346,1.6886682286685923
2024-08-08,2.064327903869788,1.682564202895986
2024-08-09,2.0856720914304723,1.7037839912787767
2024-08-12,2.0831845279586703,1.7037839912787767
2024-08-13,2.0918640616783932,1.712735020730413
2024-08-14,2.0906287310704004,1.7112570447898465
2024-08-15,2.0992441689760155,1.7157009806687853
2024-08-16,2.1162555148025524,1.7347763341435347
2024-08-19,2.1234584270966104,1.737677729333866
2024-08-20,2.102913897864978,1.7142273850778955
2024-08-21,2.1077860146889784,1.7142273850778955
2024-08-22,2.1041341542702074,1.7216066395353442
2024-08-23,2.1077860146889784,1.717188928567554
2024-08-26,2.1210632163706555,1.7333306016445804
2024-08-27,2.150598735996164,1.7732756918668469
2024-08-28,2.135349173618132,1.7662536093750867
2024-08-29,2.1041341542702074,1.7577710172249255
2024-08-30,2.1077860146889784,1.7620292056211841
2024-09-02,2.1162555148025524,1.7563422868055212
2024-09-03,2.0831845279586703,1.7420221566551533
2024-09-04,2.028148247292285,1.6794981607383535
2024-09-05,2.0135687975291283,1.6498832600318079
2024-09-09,1.9754689512968577,1.5861913937457508
2024-09-10,1.9851308622085946,1.5861913937457508
2024-09-11,1.965712776351493,1.5720807418063287
2024-09-12,1.9768549529047348,1.5703028276146087
2024-09-13,1.9851308622085946,1.5774145957701913
2024-09-19,2.0068708488450007,1.59673841408058
2024-09-20,2.0135687975291283,1.6156776050000836
2024-09-23,2.0268315914075385,1.6309206961041858
2024-09-24,2.0693912058263346,1.6753035525595747
2024-09-25,2.0744289998562917,1.6991352789220715
2024-09-26,2.0731719286662407,1.6785198466215185
2024-09-27,2.0719132752590443,1.6880901153422825
2024-09-30,2.145931282948669,1.6944141532716177
2024-10-08,2.180417459019838,1.6975696615724007
2024-10-09,2.080690761080268,1.6656095284380663
2024-10-10,2.1138429683971682,1.7038342202391314
2024-10-14,2.1150499691472033,1.7053900679460987
2024-10-15,2.0781907597781832,1.6737001454076115
2024-10-16,2.0769384114617173,1.6574529191037135
2024-10-17,2.0681277817795625,1.6376334557632461
2024-10-18,2.0906287310704004,1.6558206095503278
2024-10-21,2.080690761080268,1.6392956991015601
2024-10-22,2.080690761080268,1.645934919665785
2024-10-23,2.0831845279586703,1.6525479753283334
2024-10-24,2.080690761080268,1.6492469140502477
2024-10-25,2.0731719286662407,1.6442836848596993
2024-10-28,2.0706530356467567,1.6292444612912182
2024-10-29,2.050270164379556,1.607120028214777
2024-10-30,2.038619547159581,1.6036652828220324
2024-10-31,2.0373166153791646,1.6122706963104805
2024-11-01,2.061786606441115,1.6224931211318343
2024-11-04,2.050270164379556,1.620784495795678
2024-11-05,2.0592388343623163,1.6359505263534178
2024-11-06,2.057962510002712,1.6036652828220324
2024-11-07,2.0681277817795625,1.6088337299526174
2024-11-08,2.05668455455722,1.5915069085575886
2024-11-11,2.0360119837525,1.5809610686643354
2024-11-12,2.0255131996542803,1.557729373949915
2024-11-13,2.0347056478384444,1.5613269175769688
2024-11-14,2.0294631718735947,1.5449761883475603
2024-11-15,2.0294631718735947,1.5468192538471282
2024-11-18,2.0438143640366846,1.5685217468132195
2024-11-19,2.0412203288596382,1.5774145957701913
2024-11-20,2.0412203288596382,1.5809610686643354
2024-11-21,2.038619547159581,1.5720807418063287
2024-11-22,2.0268315914075385,1.5613269175769688
2024-11-25,2.0294631718735947,1.559529763552588
2024-11-26,2.028148247292285,1.5613269175769688
2024-11-27,2.0294631718735947,1.566718285213939
2024-11-28,2.0294631718735947,1.559529763552588
2024-11-29,2.030776369698555,1.5540993945196921
2024-12-02,2.028148247292285,1.5468192538471282
2024-12-03,2.0373166153791646,1.5756461478350456
2024-12-04,2.0794415416798357,1.607120028214777
2024-12-05,2.060513531794317,1.6001985607753153
2024-12-06,2.064327903869788,1.6036652828220324
2024-12-09,2.0781907597781832,1.6190911694622385
2024-12-10,2.0693912058263346,1.6001985607753153
2024-12-11,2.080690761080268,1.6019426933261824
2024-12-12,2.080690761080268,1.6001985607753153
2024-12-13,2.0592388343623163,1.5791988868931355
2024-12-16,2.080690761080268,1.5984699840040946
2024-12-17,2.0831845279586703,1.6001985607753153
2024-12-18,2.086913556518537,1.610544499940241
2024-12-19,2.0769384114617173,1.605384910105256
2024-12-20,2.066862759472976,1.6019426933261824
2024-12-23,2.0955609235597192,1.6190911694622385
2024-12-24,2.1186622548331173,1.6442836848596993
2024-12-27,2.134166441369082,1.6442836848596993
2024-12-30,2.1435893615035875,1.645934919665785
2024-12-31,2.136530508663963,1.6574529191037135
